/*
 Navicat Premium Data Transfer

 Source Server         : localhost
 Source Server Type    : MySQL
 Source Server Version : 50739
 Source Host           : localhost:3306
 Source Schema         : pale

 Target Server Type    : MySQL
 Target Server Version : 50739
 File Encoding         : 65001

 Date: 26/09/2022 17:13:24
*/

SET NAMES utf8mb4;
SET FOREIGN_KEY_CHECKS = 0;

-- ----------------------------
-- Table structure for gen_table
-- ----------------------------
DROP TABLE IF EXISTS `gen_table`;
CREATE TABLE `gen_table`  (
  `table_id` bigint(20) NOT NULL AUTO_INCREMENT COMMENT '编号',
  `table_name` varchar(200) CHARACTER SET utf8 COLLATE utf8_general_ci NULL DEFAULT '' COMMENT '表名称',
  `table_comment` varchar(500) CHARACTER SET utf8 COLLATE utf8_general_ci NULL DEFAULT '' COMMENT '表描述',
  `sub_table_name` varchar(64) CHARACTER SET utf8 COLLATE utf8_general_ci NULL DEFAULT NULL COMMENT '关联子表的表名',
  `sub_table_fk_name` varchar(64) CHARACTER SET utf8 COLLATE utf8_general_ci NULL DEFAULT NULL COMMENT '子表关联的外键名',
  `class_name` varchar(100) CHARACTER SET utf8 COLLATE utf8_general_ci NULL DEFAULT '' COMMENT '实体类名称',
  `tpl_category` varchar(200) CHARACTER SET utf8 COLLATE utf8_general_ci NULL DEFAULT 'crud' COMMENT '使用的模板（crud单表操作 tree树表操作）',
  `package_name` varchar(100) CHARACTER SET utf8 COLLATE utf8_general_ci NULL DEFAULT NULL COMMENT '生成包路径',
  `module_name` varchar(30) CHARACTER SET utf8 COLLATE utf8_general_ci NULL DEFAULT NULL COMMENT '生成模块名',
  `business_name` varchar(30) CHARACTER SET utf8 COLLATE utf8_general_ci NULL DEFAULT NULL COMMENT '生成业务名',
  `function_name` varchar(50) CHARACTER SET utf8 COLLATE utf8_general_ci NULL DEFAULT NULL COMMENT '生成功能名',
  `function_author` varchar(50) CHARACTER SET utf8 COLLATE utf8_general_ci NULL DEFAULT NULL COMMENT '生成功能作者',
  `gen_type` char(1) CHARACTER SET utf8 COLLATE utf8_general_ci NULL DEFAULT '0' COMMENT '生成代码方式（0zip压缩包 1自定义路径）',
  `gen_path` varchar(200) CHARACTER SET utf8 COLLATE utf8_general_ci NULL DEFAULT '/' COMMENT '生成路径（不填默认项目路径）',
  `options` varchar(1000) CHARACTER SET utf8 COLLATE utf8_general_ci NULL DEFAULT NULL COMMENT '其它生成选项',
  `create_by` varchar(64) CHARACTER SET utf8 COLLATE utf8_general_ci NULL DEFAULT '' COMMENT '创建者',
  `create_time` datetime(0) NULL DEFAULT NULL COMMENT '创建时间',
  `update_by` varchar(64) CHARACTER SET utf8 COLLATE utf8_general_ci NULL DEFAULT '' COMMENT '更新者',
  `update_time` datetime(0) NULL DEFAULT NULL COMMENT '更新时间',
  `remark` varchar(500) CHARACTER SET utf8 COLLATE utf8_general_ci NULL DEFAULT NULL COMMENT '备注',
  PRIMARY KEY (`table_id`) USING BTREE
) ENGINE = InnoDB AUTO_INCREMENT = 8 CHARACTER SET = utf8 COLLATE = utf8_general_ci COMMENT = '代码生成业务表' ROW_FORMAT = Dynamic;

-- ----------------------------
-- Records of gen_table
-- ----------------------------
INSERT INTO `gen_table` VALUES (3, 'sys_oper_log', '操作日志记录', NULL, NULL, 'SysOperLog', 'crud', 'com.pale.backend', 'backend', 'log', '操作日志记录', 'Crimson', '0', '/', NULL, 'Cimson', '2022-09-16 06:30:00', '', NULL, NULL);
INSERT INTO `gen_table` VALUES (4, 'sys_user', '用户表', NULL, NULL, 'SysUser', 'crud', 'com.pale.backend', 'backend', 'user', '用户', 'Crimson', '0', '/', NULL, 'Cimson', '2022-09-16 06:30:43', '', NULL, NULL);
INSERT INTO `gen_table` VALUES (5, 'sys_menu', '菜单权限表', NULL, NULL, 'SysMenu', 'crud', 'com.pale.backend', 'backend', 'menu', '菜单权限', 'Crimson', '0', '/', NULL, 'Cimson', '2022-09-16 06:31:13', '', NULL, NULL);
INSERT INTO `gen_table` VALUES (6, 'sys_user_menu', '用户和菜单关联表', NULL, NULL, 'SysUserMenu', 'crud', 'com.pale.backend', 'backend', 'menu', '用户和菜单关联', 'Crimson', '0', '/', NULL, 'Cimson', '2022-09-16 06:31:27', '', NULL, NULL);
INSERT INTO `gen_table` VALUES (7, 'sys_file', '文件存储表', NULL, NULL, 'SysFile', 'crud', 'com.pale.backend', 'backend', 'file', NULL, 'Crimson', '0', '/', NULL, 'Cimson', '2022-09-16 06:31:38', '', NULL, NULL);

-- ----------------------------
-- Table structure for gen_table_column
-- ----------------------------
DROP TABLE IF EXISTS `gen_table_column`;
CREATE TABLE `gen_table_column`  (
  `column_id` bigint(20) NOT NULL AUTO_INCREMENT COMMENT '编号',
  `table_id` varchar(64) CHARACTER SET utf8 COLLATE utf8_general_ci NULL DEFAULT NULL COMMENT '归属表编号',
  `column_name` varchar(200) CHARACTER SET utf8 COLLATE utf8_general_ci NULL DEFAULT NULL COMMENT '列名称',
  `column_comment` varchar(500) CHARACTER SET utf8 COLLATE utf8_general_ci NULL DEFAULT NULL COMMENT '列描述',
  `column_type` varchar(100) CHARACTER SET utf8 COLLATE utf8_general_ci NULL DEFAULT NULL COMMENT '列类型',
  `java_type` varchar(500) CHARACTER SET utf8 COLLATE utf8_general_ci NULL DEFAULT NULL COMMENT 'JAVA类型',
  `java_field` varchar(200) CHARACTER SET utf8 COLLATE utf8_general_ci NULL DEFAULT NULL COMMENT 'JAVA字段名',
  `is_pk` char(1) CHARACTER SET utf8 COLLATE utf8_general_ci NULL DEFAULT NULL COMMENT '是否主键（1是）',
  `is_increment` char(1) CHARACTER SET utf8 COLLATE utf8_general_ci NULL DEFAULT NULL COMMENT '是否自增（1是）',
  `is_required` char(1) CHARACTER SET utf8 COLLATE utf8_general_ci NULL DEFAULT NULL COMMENT '是否必填（1是）',
  `is_insert` char(1) CHARACTER SET utf8 COLLATE utf8_general_ci NULL DEFAULT NULL COMMENT '是否为插入字段（1是）',
  `is_edit` char(1) CHARACTER SET utf8 COLLATE utf8_general_ci NULL DEFAULT NULL COMMENT '是否编辑字段（1是）',
  `is_list` char(1) CHARACTER SET utf8 COLLATE utf8_general_ci NULL DEFAULT NULL COMMENT '是否列表字段（1是）',
  `is_query` char(1) CHARACTER SET utf8 COLLATE utf8_general_ci NULL DEFAULT NULL COMMENT '是否查询字段（1是）',
  `query_type` varchar(200) CHARACTER SET utf8 COLLATE utf8_general_ci NULL DEFAULT 'EQ' COMMENT '查询方式（等于、不等于、大于、小于、范围）',
  `html_type` varchar(200) CHARACTER SET utf8 COLLATE utf8_general_ci NULL DEFAULT NULL COMMENT '显示类型（文本框、文本域、下拉框、复选框、单选框、日期控件）',
  `dict_type` varchar(200) CHARACTER SET utf8 COLLATE utf8_general_ci NULL DEFAULT '' COMMENT '字典类型',
  `sort` int(11) NULL DEFAULT NULL COMMENT '排序',
  `create_by` varchar(64) CHARACTER SET utf8 COLLATE utf8_general_ci NULL DEFAULT '' COMMENT '创建者',
  `create_time` datetime(0) NULL DEFAULT NULL COMMENT '创建时间',
  `update_by` varchar(64) CHARACTER SET utf8 COLLATE utf8_general_ci NULL DEFAULT '' COMMENT '更新者',
  `update_time` datetime(0) NULL DEFAULT NULL COMMENT '更新时间',
  PRIMARY KEY (`column_id`) USING BTREE
) ENGINE = InnoDB AUTO_INCREMENT = 79 CHARACTER SET = utf8 COLLATE = utf8_general_ci COMMENT = '代码生成业务表字段' ROW_FORMAT = Dynamic;

-- ----------------------------
-- Records of gen_table_column
-- ----------------------------
INSERT INTO `gen_table_column` VALUES (28, '3', 'oper_id', '日志主键', 'bigint(20)', 'Long', 'operId', '1', '1', NULL, '1', NULL, NULL, NULL, 'EQ', 'input', '', 1, 'Cimson', '2022-09-16 06:30:00', '', NULL);
INSERT INTO `gen_table_column` VALUES (29, '3', 'title', '模块标题', 'varchar(50)', 'String', 'title', '0', '0', NULL, '1', '1', '1', '1', 'EQ', 'input', '', 2, 'Cimson', '2022-09-16 06:30:00', '', NULL);
INSERT INTO `gen_table_column` VALUES (30, '3', 'business_type', '业务类型（0其它 1新增 2修改 3删除）', 'int(2)', 'Integer', 'businessType', '0', '0', NULL, '1', '1', '1', '1', 'EQ', 'select', '', 3, 'Cimson', '2022-09-16 06:30:00', '', NULL);
INSERT INTO `gen_table_column` VALUES (31, '3', 'method', '方法名称', 'varchar(100)', 'String', 'method', '0', '0', NULL, '1', '1', '1', '1', 'EQ', 'input', '', 4, 'Cimson', '2022-09-16 06:30:00', '', NULL);
INSERT INTO `gen_table_column` VALUES (32, '3', 'request_method', '请求方式', 'varchar(10)', 'String', 'requestMethod', '0', '0', NULL, '1', '1', '1', '1', 'EQ', 'input', '', 5, 'Cimson', '2022-09-16 06:30:00', '', NULL);
INSERT INTO `gen_table_column` VALUES (33, '3', 'operator_type', '操作类别（0其它 1后台用户 2手机端用户）', 'int(1)', 'Integer', 'operatorType', '0', '0', NULL, '1', '1', '1', '1', 'EQ', 'select', '', 6, 'Cimson', '2022-09-16 06:30:00', '', NULL);
INSERT INTO `gen_table_column` VALUES (34, '3', 'oper_name', '操作人员', 'varchar(50)', 'String', 'operName', '0', '0', NULL, '1', '1', '1', '1', 'LIKE', 'input', '', 7, 'Cimson', '2022-09-16 06:30:00', '', NULL);
INSERT INTO `gen_table_column` VALUES (35, '3', 'dept_name', '部门名称', 'varchar(50)', 'String', 'deptName', '0', '0', NULL, '1', '1', '1', '1', 'LIKE', 'input', '', 8, 'Cimson', '2022-09-16 06:30:00', '', NULL);
INSERT INTO `gen_table_column` VALUES (36, '3', 'oper_url', '请求URL', 'varchar(255)', 'String', 'operUrl', '0', '0', NULL, '1', '1', '1', '1', 'EQ', 'input', '', 9, 'Cimson', '2022-09-16 06:30:00', '', NULL);
INSERT INTO `gen_table_column` VALUES (37, '3', 'oper_ip', '主机地址', 'varchar(128)', 'String', 'operIp', '0', '0', NULL, '1', '1', '1', '1', 'EQ', 'input', '', 10, 'Cimson', '2022-09-16 06:30:00', '', NULL);
INSERT INTO `gen_table_column` VALUES (38, '3', 'oper_location', '操作地点', 'varchar(255)', 'String', 'operLocation', '0', '0', NULL, '1', '1', '1', '1', 'EQ', 'input', '', 11, 'Cimson', '2022-09-16 06:30:00', '', NULL);
INSERT INTO `gen_table_column` VALUES (39, '3', 'oper_param', '请求参数', 'varchar(2000)', 'String', 'operParam', '0', '0', NULL, '1', '1', '1', '1', 'EQ', 'textarea', '', 12, 'Cimson', '2022-09-16 06:30:00', '', NULL);
INSERT INTO `gen_table_column` VALUES (40, '3', 'json_result', '返回参数', 'varchar(2000)', 'String', 'jsonResult', '0', '0', NULL, '1', '1', '1', '1', 'EQ', 'textarea', '', 13, 'Cimson', '2022-09-16 06:30:00', '', NULL);
INSERT INTO `gen_table_column` VALUES (41, '3', 'status', '操作状态（0正常 1异常）', 'int(1)', 'Integer', 'status', '0', '0', NULL, '1', '1', '1', '1', 'EQ', 'radio', '', 14, 'Cimson', '2022-09-16 06:30:00', '', NULL);
INSERT INTO `gen_table_column` VALUES (42, '3', 'error_msg', '错误消息', 'varchar(2000)', 'String', 'errorMsg', '0', '0', NULL, '1', '1', '1', '1', 'EQ', 'textarea', '', 15, 'Cimson', '2022-09-16 06:30:00', '', NULL);
INSERT INTO `gen_table_column` VALUES (43, '3', 'oper_time', '操作时间', 'datetime', 'Date', 'operTime', '0', '0', NULL, '1', '1', '1', '1', 'EQ', 'datetime', '', 16, 'Cimson', '2022-09-16 06:30:00', '', NULL);
INSERT INTO `gen_table_column` VALUES (44, '4', 'id', 'id', 'bigint(20)', 'Long', 'id', '1', '1', NULL, '1', NULL, NULL, NULL, 'EQ', 'input', '', 1, 'Cimson', '2022-09-16 06:30:43', '', NULL);
INSERT INTO `gen_table_column` VALUES (45, '4', 'user_name', '用户名', 'varchar(50)', 'String', 'userName', '0', '0', NULL, '1', '1', '1', '1', 'LIKE', 'input', '', 2, 'Cimson', '2022-09-16 06:30:43', '', NULL);
INSERT INTO `gen_table_column` VALUES (46, '4', 'password', '密码', 'varchar(50)', 'String', 'password', '0', '0', NULL, '1', '1', '1', '1', 'EQ', 'input', '', 3, 'Cimson', '2022-09-16 06:30:43', '', NULL);
INSERT INTO `gen_table_column` VALUES (47, '4', 'email', '邮箱', 'varchar(64)', 'String', 'email', '0', '0', NULL, '1', '1', '1', '1', 'EQ', 'input', '', 4, 'Cimson', '2022-09-16 06:30:43', '', NULL);
INSERT INTO `gen_table_column` VALUES (48, '4', 'phone', '电话号码', 'varchar(64)', 'String', 'phone', '0', '0', NULL, '1', '1', '1', '1', 'EQ', 'input', '', 5, 'Cimson', '2022-09-16 06:30:43', '', NULL);
INSERT INTO `gen_table_column` VALUES (49, '4', 'type', '是否启用（0-否，1-是）', 'tinyint(1)', 'Integer', 'type', '0', '0', NULL, '1', '1', '1', '1', 'EQ', 'select', '', 6, 'Cimson', '2022-09-16 06:30:43', '', NULL);
INSERT INTO `gen_table_column` VALUES (50, '4', 'create_by', '创建者', 'varchar(64)', 'String', 'createBy', '0', '0', NULL, '1', NULL, NULL, NULL, 'EQ', 'input', '', 7, 'Cimson', '2022-09-16 06:30:43', '', NULL);
INSERT INTO `gen_table_column` VALUES (51, '4', 'create_time', '创建时间', 'datetime', 'Date', 'createTime', '0', '0', NULL, '1', NULL, NULL, NULL, 'EQ', 'datetime', '', 8, 'Cimson', '2022-09-16 06:30:43', '', NULL);
INSERT INTO `gen_table_column` VALUES (52, '4', 'update_by', '更新者', 'varchar(64)', 'String', 'updateBy', '0', '0', NULL, '1', '1', NULL, NULL, 'EQ', 'input', '', 9, 'Cimson', '2022-09-16 06:30:43', '', NULL);
INSERT INTO `gen_table_column` VALUES (53, '4', 'update_time', '更新时间', 'datetime', 'Date', 'updateTime', '0', '0', NULL, '1', '1', NULL, NULL, 'EQ', 'datetime', '', 10, 'Cimson', '2022-09-16 06:30:43', '', NULL);
INSERT INTO `gen_table_column` VALUES (54, '4', 'remark', '备注', 'varchar(500)', 'String', 'remark', '0', '0', NULL, '1', '1', '1', NULL, 'EQ', 'textarea', '', 11, 'Cimson', '2022-09-16 06:30:43', '', NULL);
INSERT INTO `gen_table_column` VALUES (55, '5', 'menu_id', '菜单ID', 'int(11)', 'Long', 'menuId', '1', '1', NULL, '1', NULL, NULL, NULL, 'EQ', 'input', '', 1, 'Cimson', '2022-09-16 06:31:13', '', NULL);
INSERT INTO `gen_table_column` VALUES (56, '5', 'menu_name', '菜单名称', 'varchar(50)', 'String', 'menuName', '0', '0', '1', '1', '1', '1', '1', 'LIKE', 'input', '', 2, 'Cimson', '2022-09-16 06:31:13', '', NULL);
INSERT INTO `gen_table_column` VALUES (57, '5', 'parent_id', '父菜单ID', 'int(11)', 'Long', 'parentId', '0', '0', NULL, '1', '1', '1', '1', 'EQ', 'input', '', 3, 'Cimson', '2022-09-16 06:31:13', '', NULL);
INSERT INTO `gen_table_column` VALUES (58, '5', 'order_num', '显示顺序', 'int(4)', 'Integer', 'orderNum', '0', '0', NULL, '1', '1', '1', '1', 'EQ', 'input', '', 4, 'Cimson', '2022-09-16 06:31:13', '', NULL);
INSERT INTO `gen_table_column` VALUES (59, '5', 'url', '请求地址', 'varchar(200)', 'String', 'url', '0', '0', NULL, '1', '1', '1', '1', 'EQ', 'input', '', 5, 'Cimson', '2022-09-16 06:31:13', '', NULL);
INSERT INTO `gen_table_column` VALUES (60, '5', 'menu_type', '菜单类型（M目录 C菜单 F按钮）', 'char(1)', 'String', 'menuType', '0', '0', NULL, '1', '1', '1', '1', 'EQ', 'select', '', 6, 'Cimson', '2022-09-16 06:31:13', '', NULL);
INSERT INTO `gen_table_column` VALUES (61, '5', 'visible', '菜单状态（0显示 1隐藏）', 'char(1)', 'String', 'visible', '0', '0', NULL, '1', '1', '1', '1', 'EQ', 'input', '', 7, 'Cimson', '2022-09-16 06:31:13', '', NULL);
INSERT INTO `gen_table_column` VALUES (62, '5', 'perms', '权限标识', 'varchar(100)', 'String', 'perms', '0', '0', NULL, '1', '1', '1', '1', 'EQ', 'input', '', 8, 'Cimson', '2022-09-16 06:31:13', '', NULL);
INSERT INTO `gen_table_column` VALUES (63, '5', 'icon', '菜单图标', 'varchar(100)', 'String', 'icon', '0', '0', NULL, '1', '1', '1', '1', 'EQ', 'input', '', 9, 'Cimson', '2022-09-16 06:31:13', '', NULL);
INSERT INTO `gen_table_column` VALUES (64, '5', 'create_by', '创建者', 'varchar(64)', 'String', 'createBy', '0', '0', NULL, '1', NULL, NULL, NULL, 'EQ', 'input', '', 10, 'Cimson', '2022-09-16 06:31:13', '', NULL);
INSERT INTO `gen_table_column` VALUES (65, '5', 'create_time', '创建时间', 'datetime', 'Date', 'createTime', '0', '0', NULL, '1', NULL, NULL, NULL, 'EQ', 'datetime', '', 11, 'Cimson', '2022-09-16 06:31:13', '', NULL);
INSERT INTO `gen_table_column` VALUES (66, '5', 'update_by', '更新者', 'varchar(64)', 'String', 'updateBy', '0', '0', NULL, '1', '1', NULL, NULL, 'EQ', 'input', '', 12, 'Cimson', '2022-09-16 06:31:13', '', NULL);
INSERT INTO `gen_table_column` VALUES (67, '5', 'update_time', '更新时间', 'datetime', 'Date', 'updateTime', '0', '0', NULL, '1', '1', NULL, NULL, 'EQ', 'datetime', '', 13, 'Cimson', '2022-09-16 06:31:13', '', NULL);
INSERT INTO `gen_table_column` VALUES (68, '5', 'remark', '备注', 'varchar(500)', 'String', 'remark', '0', '0', NULL, '1', '1', '1', NULL, 'EQ', 'textarea', '', 14, 'Cimson', '2022-09-16 06:31:13', '', NULL);
INSERT INTO `gen_table_column` VALUES (69, '6', 'user_id', '用户ID', 'int(11)', 'Long', 'userId', '1', '0', NULL, '1', NULL, NULL, NULL, 'EQ', 'input', '', 1, 'Cimson', '2022-09-16 06:31:29', '', NULL);
INSERT INTO `gen_table_column` VALUES (70, '6', 'menu_id', '菜单ID', 'int(11)', 'Long', 'menuId', '1', '0', NULL, '1', NULL, NULL, NULL, 'EQ', 'input', '', 2, 'Cimson', '2022-09-16 06:31:29', '', NULL);
INSERT INTO `gen_table_column` VALUES (71, '7', 'id', '文件id-uuid', 'varchar(64)', 'String', 'id', '1', '0', NULL, '1', NULL, NULL, NULL, 'EQ', 'input', '', 1, 'Cimson', '2022-09-16 06:31:38', '', NULL);
INSERT INTO `gen_table_column` VALUES (72, '7', 'file_name', '文件名称', 'varchar(128)', 'String', 'fileName', '0', '0', NULL, '1', '1', '1', '1', 'LIKE', 'input', '', 2, 'Cimson', '2022-09-16 06:31:38', '', NULL);
INSERT INTO `gen_table_column` VALUES (73, '7', 'size', '文件大小', 'varchar(128)', 'String', 'size', '0', '0', NULL, '1', '1', '1', '1', 'EQ', 'input', '', 3, 'Cimson', '2022-09-16 06:31:38', '', NULL);
INSERT INTO `gen_table_column` VALUES (74, '7', 'type', '文件类型', 'int(2)', 'Integer', 'type', '0', '0', NULL, '1', '1', '1', '1', 'EQ', 'select', '', 4, 'Cimson', '2022-09-16 06:31:38', '', NULL);
INSERT INTO `gen_table_column` VALUES (75, '7', 'file_path', '文件路径', 'varchar(512)', 'String', 'filePath', '0', '0', NULL, '1', '1', '1', '1', 'EQ', 'textarea', '', 5, 'Cimson', '2022-09-16 06:31:38', '', NULL);
INSERT INTO `gen_table_column` VALUES (76, '7', 'create_time', '创建时间', 'datetime', 'Date', 'createTime', '0', '0', NULL, '1', NULL, NULL, NULL, 'EQ', 'datetime', '', 6, 'Cimson', '2022-09-16 06:31:38', '', NULL);
INSERT INTO `gen_table_column` VALUES (77, '7', 'create_by', '对应的预览用的pdf文档路径', 'varchar(60)', 'String', 'createBy', '0', '0', NULL, '1', NULL, NULL, NULL, 'EQ', 'input', '', 7, 'Cimson', '2022-09-16 06:31:38', '', NULL);
INSERT INTO `gen_table_column` VALUES (78, '7', 'is_del', '0-未删除，1-已删除', 'bit(1)', 'String', 'isDel', '0', '0', NULL, '1', '1', '1', '1', 'EQ', NULL, '', 8, 'Cimson', '2022-09-16 06:31:38', '', NULL);

-- ----------------------------
-- Table structure for sys_file
-- ----------------------------
DROP TABLE IF EXISTS `sys_file`;
CREATE TABLE `sys_file`  (
  `id` varchar(64) CHARACTER SET utf8 COLLATE utf8_general_ci NOT NULL COMMENT '文件id-uuid',
  `file_name` varchar(128) CHARACTER SET utf8 COLLATE utf8_general_ci NULL DEFAULT NULL COMMENT '文件名称',
  `size` varchar(128) CHARACTER SET utf8 COLLATE utf8_general_ci NULL DEFAULT NULL COMMENT '文件大小',
  `type` int(2) NULL DEFAULT NULL COMMENT '文件类型',
  `file_path` varchar(512) CHARACTER SET utf8 COLLATE utf8_general_ci NULL DEFAULT NULL COMMENT '文件路径',
  `create_time` datetime(0) NULL DEFAULT NULL COMMENT '创建时间',
  `create_by` varchar(60) CHARACTER SET utf8 COLLATE utf8_general_ci NULL DEFAULT NULL COMMENT '对应的预览用的pdf文档路径',
  `is_del` bit(1) NULL DEFAULT b'0' COMMENT '0-未删除，1-已删除',
  PRIMARY KEY (`id`) USING BTREE
) ENGINE = InnoDB CHARACTER SET = utf8 COLLATE = utf8_general_ci ROW_FORMAT = Dynamic;

-- ----------------------------
-- Table structure for sys_menu
-- ----------------------------
DROP TABLE IF EXISTS `sys_menu`;
CREATE TABLE `sys_menu`  (
  `menu_id` int(11) NOT NULL AUTO_INCREMENT COMMENT '菜单ID',
  `menu_name` varchar(50) CHARACTER SET utf8 COLLATE utf8_general_ci NOT NULL COMMENT '菜单名称',
  `title` varchar(50) CHARACTER SET utf8 COLLATE utf8_general_ci NULL DEFAULT NULL COMMENT '标题',
  `parent_id` int(11) NULL DEFAULT 0 COMMENT '父菜单ID',
  `order_num` int(4) NULL DEFAULT 0 COMMENT '显示顺序',
  `url` varchar(200) CHARACTER SET utf8 COLLATE utf8_general_ci NULL DEFAULT '#' COMMENT '请求地址',
  `menu_type` char(1) CHARACTER SET utf8 COLLATE utf8_general_ci NULL DEFAULT '' COMMENT '菜单类型（M目录 C菜单 F按钮）',
  `visible` char(1) CHARACTER SET utf8 COLLATE utf8_general_ci NULL DEFAULT '0' COMMENT '菜单状态（0显示 1隐藏）',
  `perms` varchar(100) CHARACTER SET utf8 COLLATE utf8_general_ci NULL DEFAULT NULL COMMENT '权限标识',
  `icon` varchar(100) CHARACTER SET utf8 COLLATE utf8_general_ci NULL DEFAULT '#' COMMENT '菜单图标',
  `create_by` varchar(64) CHARACTER SET utf8 COLLATE utf8_general_ci NULL DEFAULT '' COMMENT '创建者',
  `create_time` datetime(0) NULL DEFAULT NULL COMMENT '创建时间',
  `update_by` varchar(64) CHARACTER SET utf8 COLLATE utf8_general_ci NULL DEFAULT '' COMMENT '更新者',
  `update_time` datetime(0) NULL DEFAULT NULL COMMENT '更新时间',
  `remark` varchar(500) CHARACTER SET utf8 COLLATE utf8_general_ci NULL DEFAULT '' COMMENT '备注',
  PRIMARY KEY (`menu_id`) USING BTREE
) ENGINE = InnoDB AUTO_INCREMENT = 3 CHARACTER SET = utf8 COLLATE = utf8_general_ci COMMENT = '菜单权限表' ROW_FORMAT = Dynamic;

-- ----------------------------
-- Records of sys_menu
-- ----------------------------
INSERT INTO `sys_menu` VALUES (1, 'system', '系统管理', 0, 0, '#', 'M', '0', 'system', 'SettingOutlined', 'Crimson', '2022-09-26 14:43:37', '', NULL, '');
INSERT INTO `sys_menu` VALUES (2, 'gen', '代码生成', 1, 0, 'system/gen', 'C', '0', 'gen', 'CodepenOutlined', 'Crimson', '2022-09-26 17:05:58', '', NULL, '');

-- ----------------------------
-- Table structure for sys_oper_log
-- ----------------------------
DROP TABLE IF EXISTS `sys_oper_log`;
CREATE TABLE `sys_oper_log`  (
  `oper_id` bigint(20) NOT NULL AUTO_INCREMENT COMMENT '日志主键',
  `title` varchar(50) CHARACTER SET utf8 COLLATE utf8_general_ci NULL DEFAULT '' COMMENT '模块标题',
  `business_type` int(2) NULL DEFAULT 0 COMMENT '业务类型（0其它 1新增 2修改 3删除）',
  `method` varchar(100) CHARACTER SET utf8 COLLATE utf8_general_ci NULL DEFAULT '' COMMENT '方法名称',
  `request_method` varchar(10) CHARACTER SET utf8 COLLATE utf8_general_ci NULL DEFAULT '' COMMENT '请求方式',
  `operator_type` int(1) NULL DEFAULT 0 COMMENT '操作类别（0其它 1后台用户 2手机端用户）',
  `oper_name` varchar(50) CHARACTER SET utf8 COLLATE utf8_general_ci NULL DEFAULT '' COMMENT '操作人员',
  `dept_name` varchar(50) CHARACTER SET utf8 COLLATE utf8_general_ci NULL DEFAULT '' COMMENT '部门名称',
  `oper_url` varchar(255) CHARACTER SET utf8 COLLATE utf8_general_ci NULL DEFAULT '' COMMENT '请求URL',
  `oper_ip` varchar(128) CHARACTER SET utf8 COLLATE utf8_general_ci NULL DEFAULT '' COMMENT '主机地址',
  `oper_location` varchar(255) CHARACTER SET utf8 COLLATE utf8_general_ci NULL DEFAULT '' COMMENT '操作地点',
  `oper_param` varchar(2000) CHARACTER SET utf8 COLLATE utf8_general_ci NULL DEFAULT '' COMMENT '请求参数',
  `json_result` varchar(2000) CHARACTER SET utf8 COLLATE utf8_general_ci NULL DEFAULT '' COMMENT '返回参数',
  `status` int(1) NULL DEFAULT 0 COMMENT '操作状态（0正常 1异常）',
  `error_msg` varchar(2000) CHARACTER SET utf8 COLLATE utf8_general_ci NULL DEFAULT '' COMMENT '错误消息',
  `oper_time` datetime(0) NULL DEFAULT NULL COMMENT '操作时间',
  PRIMARY KEY (`oper_id`) USING BTREE
) ENGINE = InnoDB AUTO_INCREMENT = 81 CHARACTER SET = utf8 COLLATE = utf8_general_ci COMMENT = '操作日志记录' ROW_FORMAT = Dynamic;

-- ----------------------------
-- Records of sys_oper_log
-- ----------------------------
INSERT INTO `sys_oper_log` VALUES (1, '登录', 1, 'com.pale.backend.base.controller.LoginController.login()', 'POST', 1, 'admin', NULL, '/pale/login', '127.0.0.1', '', '{\"password\":\"123456\",\"username\":\"Cimson\"}', '{\"code\":200,\"data\":{\"access_token\":\"eyJhbGciOiJIUzUxMiJ9.eyJ1c2VyX2lkIjoxLCJ1c2VyX2tleSI6Ijc4OGYzZjFlLTM5OWItNDVlNC04YTU2LTBkNGVkYTM2OWFmZiIsInVzZXJuYW1lIjoiQ2ltc29uIn0.G8KgzX9GPRSKEnPXlY1wkK1digK_6MTHhpoXlXwS_n_zYP0e4iG9Dfby3HBmS17ta_9FM8Po867uaKM0uGZTdg\",\"expires_in\":720}}', 0, NULL, '2022-09-15 05:56:56');
INSERT INTO `sys_oper_log` VALUES (2, '登录', 1, 'com.pale.backend.base.controller.LoginController.login()', 'POST', 1, 'admin', NULL, '/pale/login', '127.0.0.1', '', '{\"password\":\"123456\",\"username\":\"Cimson\"}', '{\"code\":200,\"data\":{\"access_token\":\"eyJhbGciOiJIUzUxMiJ9.eyJ1c2VyX2lkIjoxLCJ1c2VyX2tleSI6ImQxOTA4YWQyLTg0ZDctNGI5My1iOWY1LWYxNWNjOWVhMWVjNyIsInVzZXJuYW1lIjoiQ2ltc29uIn0.a7Yu365JG0q_sVWDYJdwDzPvxbb5qjqIWy2CbDpFCmbQowR66Qa-TXguIwdeeyEaYQAMMSWrtn8ssdFQEJmRgQ\",\"expires_in\":720}}', 0, NULL, '2022-09-15 06:37:11');
INSERT INTO `sys_oper_log` VALUES (3, '登录', 1, 'com.pale.backend.base.controller.LoginController.login()', 'POST', 1, 'admin', NULL, '/pale/login', '127.0.0.1', '', '{\"password\":\"123456\",\"username\":\"Cimson\"}', '{\"code\":200,\"data\":{\"access_token\":\"eyJhbGciOiJIUzUxMiJ9.eyJ1c2VyX2lkIjoxLCJ1c2VyX2tleSI6IjBiNjVkOWY3LTBjN2UtNDRmZS1hYTlmLTRhZGRlNTExM2EwNiIsInVzZXJuYW1lIjoiQ2ltc29uIn0.nTiwoXIkKFc9hRpIp2d4-wgZIW93yv18wvjTVg6VU4HAWQhHsYAq74LBOn7zEklQg3qw1-QH1IcCIF0WAglkVQ\",\"expires_in\":720}}', 0, NULL, '2022-09-15 06:41:01');
INSERT INTO `sys_oper_log` VALUES (4, '登录', 1, 'com.pale.backend.base.controller.LoginController.login()', 'POST', 1, 'admin', NULL, '/pale/login', '127.0.0.1', '', '{\"password\":\"123456\",\"username\":\"Cimson\"}', '{\"code\":200,\"data\":{\"access_token\":\"eyJhbGciOiJIUzUxMiJ9.eyJ1c2VyX2lkIjoxLCJ1c2VyX2tleSI6ImM3ODA4NjM2LTJlMjAtNDY0MC05YjgzLThkNzVjODc3ZDM4MCIsInVzZXJuYW1lIjoiQ2ltc29uIn0.1B8xSmRVV_XVp10UjbrMA0BGL1ME-gDdtFb0LiC4ZeIP-Zj0_-0TcnkqdARc2rs6G5d1W_1XViqkVwJWsv3Pyw\",\"expires_in\":720}}', 0, NULL, '2022-09-15 06:42:53');
INSERT INTO `sys_oper_log` VALUES (5, '登录', 1, 'com.pale.backend.base.controller.LoginController.login()', 'POST', 1, 'admin', NULL, '/pale/login', '127.0.0.1', '', '{\"password\":\"123456\",\"username\":\"Cimson\"}', '{\"code\":200,\"data\":{\"access_token\":\"eyJhbGciOiJIUzUxMiJ9.eyJ1c2VyX2lkIjoxLCJ1c2VyX2tleSI6IjZmYzU5YTNhLTIxMjItNGM2Mi1iOTZlLThhY2M5MGNiYTRhNiIsInVzZXJuYW1lIjoiQ2ltc29uIn0.i3NS7JRtBVDp1YjpoJnGrtItxZPehRviCu9tQop3O2ngINJZdmRFZgc1h6bwhSJN0kK9e5fZIpsLhCUhPkfJ-g\",\"expires_in\":720}}', 0, NULL, '2022-09-15 06:47:21');
INSERT INTO `sys_oper_log` VALUES (6, '登录', 1, 'com.pale.backend.base.controller.LoginController.login()', 'POST', 1, 'admin', NULL, '/pale/login', '127.0.0.1', '', '{\"password\":\"123456\",\"username\":\"Cimson\"}', '{\"code\":200,\"data\":{\"access_token\":\"eyJhbGciOiJIUzUxMiJ9.eyJ1c2VyX2lkIjoxLCJ1c2VyX2tleSI6IjIyOGM5MWYyLTY0YjktNDllMS1hNTUwLWI5N2Q3NjFlNDg3YyIsInVzZXJuYW1lIjoiQ2ltc29uIn0.dRXOFWfkTbUZVcuCaz40jf4ir94k5bsdEtU-ZlwgNtqWWFShcyJNEwJ4riWPuPOWOk9NaMP1z6bjAeSZ7f-e_A\",\"expires_in\":720}}', 0, NULL, '2022-09-15 06:50:32');
INSERT INTO `sys_oper_log` VALUES (7, '登录', 1, 'com.pale.backend.base.controller.LoginController.login()', 'POST', 1, 'admin', NULL, '/pale/login', '127.0.0.1', '', '{\"password\":\"123456\",\"username\":\"Cimson\"}', '{\"code\":200,\"data\":{\"access_token\":\"eyJhbGciOiJIUzUxMiJ9.eyJ1c2VyX2lkIjoxLCJ1c2VyX2tleSI6IjA5MTViNzQzLTk4NTYtNDk2NS05Yjg2LTQ2ZWIwYTBmMTNmMSIsInVzZXJuYW1lIjoiQ2ltc29uIn0.yqCIgB6i0nZL9yzJvZbu-3EThMFSeQ6gkQ2hZ_H92ijjZWRwT4v0GnKHFyweDhszFZcmq8Op3k9C_cDXgoCpUA\",\"expires_in\":720}}', 0, NULL, '2022-09-15 06:51:45');
INSERT INTO `sys_oper_log` VALUES (8, '登录', 1, 'com.pale.backend.base.controller.LoginController.login()', 'POST', 1, 'admin', NULL, '/pale/login', '127.0.0.1', '', '{\"password\":\"123456\",\"username\":\"Cimson\"}', '{\"code\":200,\"data\":{\"access_token\":\"eyJhbGciOiJIUzUxMiJ9.eyJ1c2VyX2lkIjoxLCJ1c2VyX2tleSI6ImEyZDM2MGRlLThmZmEtNGU3ZS1iNjllLTQ2YTIyNDI0ZTIzYSIsInVzZXJuYW1lIjoiQ2ltc29uIn0.frkTgeZLoRSANQEfmOpLPAsW416xJiyy7EHGdISvSSef5wAMw67gwq2GrbVN5IKE5aX0mVw8lPQ816aMDQ5AEw\",\"expires_in\":720}}', 0, NULL, '2022-09-15 06:53:37');
INSERT INTO `sys_oper_log` VALUES (9, '登录', 1, 'com.pale.backend.base.controller.LoginController.login()', 'POST', 1, 'admin', NULL, '/pale/login', '127.0.0.1', '', '{\"password\":\"123456\",\"username\":\"Cimson\"}', '{\"code\":200,\"data\":{\"access_token\":\"eyJhbGciOiJIUzUxMiJ9.eyJ1c2VyX2lkIjoxLCJ1c2VyX2tleSI6IjQ3ZDhlOGQ5LWM1MzMtNDQ1NS1hMjk0LTA2YzhjYTA1OTRjZCIsInVzZXJuYW1lIjoiQ2ltc29uIn0.1QAW0GM7ON8Tlknpp-CcJ0B2P5GmLvP7mapI-PqWBqajeJrl8gyT5OeXDD90HBLIloGtkB6_wwm4mCSB_55xNg\",\"expires_in\":720}}', 0, NULL, '2022-09-15 06:58:51');
INSERT INTO `sys_oper_log` VALUES (10, '登录', 1, 'com.pale.backend.base.controller.LoginController.login()', 'POST', 1, 'admin', NULL, '/pale/login', '127.0.0.1', '', '{\"password\":\"123456\",\"username\":\"Cimson\"}', '{\"code\":200,\"data\":{\"access_token\":\"eyJhbGciOiJIUzUxMiJ9.eyJ1c2VyX2lkIjoxLCJ1c2VyX2tleSI6ImQyNzBkNWZjLWM5YTEtNDE0Yi04ZDI1LTZkOTBmOGQ5YzliMyIsInVzZXJuYW1lIjoiQ2ltc29uIn0.tiT3nGQPsTAprONKfHmkSNG2ysToWn_A60e8_fLUGBcdlJg-4hP2o496ITuYBiEufXwI1dSlGgOotyoUnoXjEQ\",\"expires_in\":720}}', 0, NULL, '2022-09-15 07:02:19');
INSERT INTO `sys_oper_log` VALUES (11, '登录', 1, 'com.pale.backend.base.controller.LoginController.login()', 'POST', 1, 'admin', NULL, '/pale/login', '127.0.0.1', '', '{\"password\":\"123456\",\"username\":\"Cimson\"}', '{\"code\":200,\"data\":{\"access_token\":\"eyJhbGciOiJIUzUxMiJ9.eyJ1c2VyX2lkIjoxLCJ1c2VyX2tleSI6IjY4ODdkYWZiLTdlYTMtNDIyOC1hYmQyLTE2YTFkNzU4ZTJiNyIsInVzZXJuYW1lIjoiQ2ltc29uIn0.USfBjA5_luVIlYS6vD6IbBu6Irtvg7mFKk52jfURYvm_-pqqTa98eLOq7kOOulWKhstNz_iETvA53MQlpKaLkg\",\"expires_in\":720}}', 0, NULL, '2022-09-15 07:03:50');
INSERT INTO `sys_oper_log` VALUES (12, '登录', 1, 'com.pale.backend.base.controller.LoginController.login()', 'POST', 1, 'admin', NULL, '/pale/login', '127.0.0.1', '', '{\"password\":\"123456\",\"username\":\"Cimson\"}', '{\"code\":200,\"data\":{\"access_token\":\"eyJhbGciOiJIUzUxMiJ9.eyJ1c2VyX2lkIjoxLCJ1c2VyX2tleSI6Ijg1N2M5MjExLTQyMDMtNDcwNi05ZmIyLWE2ZDYwNTU4Njg3YyIsInVzZXJuYW1lIjoiQ2ltc29uIn0.nXfYhiJW1HcT86WA2ENhKp3m87A6LkYte5N4NpqDFiAlvZmesWvOoEV61xobOVaVKryZbRu-vD2rbZ8zrjDQIg\",\"expires_in\":720}}', 0, NULL, '2022-09-16 06:17:10');
INSERT INTO `sys_oper_log` VALUES (13, '获取验证码', 1, 'com.pale.backend.base.controller.LoginController.getCode()', 'POST', 1, 'admin', NULL, '/pale/getCode', '127.0.0.1', '', '', NULL, 1, '', '2022-09-21 09:20:39');
INSERT INTO `sys_oper_log` VALUES (14, '获取验证码', 1, 'com.pale.backend.base.controller.LoginController.getCode()', 'POST', 1, 'admin', NULL, '/pale/getCode', '127.0.0.1', '', '', NULL, 1, '', '2022-09-21 09:28:34');
INSERT INTO `sys_oper_log` VALUES (15, '获取验证码', 1, 'com.pale.backend.base.controller.LoginController.getCode()', 'POST', 1, 'admin', NULL, '/pale/getCode', '127.0.0.1', '', '', NULL, 1, '', '2022-09-21 09:33:21');
INSERT INTO `sys_oper_log` VALUES (16, '获取验证码', 1, 'com.pale.backend.base.controller.LoginController.getCode()', 'POST', 1, 'admin', NULL, '/pale/getCode', '127.0.0.1', '', '', NULL, 1, '', '2022-09-21 09:34:06');
INSERT INTO `sys_oper_log` VALUES (17, '获取验证码', 1, 'com.pale.backend.base.controller.LoginController.getCode()', 'POST', 1, 'admin', NULL, '/pale/getCode', '127.0.0.1', '', '', NULL, 1, '', '2022-09-21 09:49:53');
INSERT INTO `sys_oper_log` VALUES (18, '获取验证码', 1, 'com.pale.backend.base.controller.LoginController.getCode()', 'POST', 1, 'admin', NULL, '/pale/getCode', '127.0.0.1', '', '', NULL, 1, 'Invalid value \'com.ruoyi.gateway.config.KaptchaTextCreator\' for config parameter \'kaptcha.textproducer.impl\'.', '2022-09-21 09:53:13');
INSERT INTO `sys_oper_log` VALUES (19, '获取验证码', 1, 'com.pale.backend.base.controller.LoginController.getCode()', 'POST', 1, 'admin', NULL, '/pale/getCode', '127.0.0.1', '', '', '{\"msg\":\"操作成功\",\"img\":\"/9j/4AAQSkZJRgABAgAAAQABAAD/2wBDAAgGBgcGBQgHBwcJCQgKDBQNDAsLDBkSEw8UHRofHh0aHBwgJC4nICIsIxwcKDcpLDAxNDQ0Hyc5PTgyPC4zNDL/2wBDAQkJCQwLDBgNDRgyIRwhMjIyMjIyMjIyMjIyMjIyMjIyMjIyMjIyMjIyMjIyMjIyMjIyMjIyMjIyMjIyMjIyMjL/wAARCAA8AKADASIAAhEBAxEB/8QAHwAAAQUBAQEBAQEAAAAAAAAAAAECAwQFBgcICQoL/8QAtRAAAgEDAwIEAwUFBAQAAAF9AQIDAAQRBRIhMUEGE1FhByJxFDKBkaEII0KxwRVS0fAkM2JyggkKFhcYGRolJicoKSo0NTY3ODk6Q0RFRkdISUpTVFVWV1hZWmNkZWZnaGlqc3R1dnd4eXqDhIWGh4iJipKTlJWWl5iZmqKjpKWmp6ipqrKztLW2t7i5usLDxMXGx8jJytLT1NXW19jZ2uHi4+Tl5ufo6erx8vP09fb3+Pn6/8QAHwEAAwEBAQEBAQEBAQAAAAAAAAECAwQFBgcICQoL/8QAtREAAgECBAQDBAcFBAQAAQJ3AAECAxEEBSExBhJBUQdhcRMiMoEIFEKRobHBCSMzUvAVYnLRChYkNOEl8RcYGRomJygpKjU2Nzg5OkNERUZHSElKU1RVVldYWVpjZGVmZ2hpanN0dXZ3eHl6goOEhYaHiImKkpOUlZaXmJmaoqOkpaanqKmqsrO0tba3uLm6wsPExcbHyMnK0tPU1dbX2Nna4uPk5ebn6Onq8vP09fb3+Pn6/9oADAMBAAIRAxEAPwDtrW1ga1hZoIySikkoOeKsCztv+feL/vgU2z/484P+ua/yqyKiMY8q0IjGPKtCIWdr/wA+0P8A3wKeLK1/59of+/YqUUxrqCOeOB5kWaUMY0LAMwGM4HfGRVKCeyHyx7ALK0/59Yf+/YpwsbT/AJ9YP+/YqDUNVsdKtGur65jggXq7n9B6n2FZnhzxppnie5uYdPS5xbgFpJECqc5xjnPY9QK1jhJypurGHurd20XzFaF7G6LCz/59YP8Av2KcLCz/AOfSD/v2KmWniseWPYfLHsQjT7L/AJ9Lf/v2P8KcNOsv+fO3/wC/S/4VPkCszUvEuj6NJHHf38MEj/dRm5Pvj0q4UXUlywjd+SBxiuhfGnWP/Pnb/wDfpf8ACnDTbH/nyt/+/S/4VLFIsiB0YFSMgjuKlFRyR7Byx7FcaZYf8+Vt/wB+l/wp40yw/wCfG2/79L/hVgU7IFHLHsHLHsVxpen/APPjbf8Aflf8KeNK0/8A58LX/vyv+FcrrfxO8N6DqH2Ge4knnBxILdA4j/3jkD8Bk11en6hbanZQ3lpMssEqhkdTkEVvUwdWlCNSpBqL2bW4koN2Qo0rTv8Anwtf+/K/4U4aTp3/AED7X/vyv+FWhTxWHLHsPlj2Ko0nTf8AoH2n/flf8Kranpenx6Reuljaq6wOVYQqCDtPI4rWFVdW/wCQLf8A/XvJ/wCgmlKMeV6ClGPK9DkrP/jzg/65r/KrIqvZ/wDHnB/1zX+VWRTj8KHH4UDHC15p8RdJn1eS2ube58ua1BCo3AOSDkEdDx/+qvTCuRisPV9KFzGxxXVhcTUwtVVqW6/4YcoqSszwTUotTZVk1O6llcHaglmMjfhycCvVPh5ZJptgFjTEsuGlb1PYfhmuG8RWYj8V2dmfullJ/E16bbafjRLiBJDE8kTKsikgoSOGBHcHmvfzbH162DoU6jSU7yaSsrXsv8/UypwSk2jQ8ZeJp/DXh5r21hjln3qiiTO0Z7nHWl8OeKraXw3p1xqupW0d1cR7282RULEk9Bx9K8h13WPFNxYPpOrQiVFIzN5eScHI+YcdvrWfoGjWmrRSGeeZZFO0KmOB2PP+eKpZThaeBc69RXUt4+9o1Zemtxe0k5aI734hePNVstX/ALK0qYQLsUm', 0, NULL, '2022-09-21 10:01:43');
INSERT INTO `sys_oper_log` VALUES (20, '获取验证码', 1, 'com.pale.backend.base.controller.LoginController.getCode()', 'POST', 1, 'admin', NULL, '/pale/getCode', '127.0.0.1', '', '', '{\"msg\":\"操作成功\",\"img\":\"/9j/4AAQSkZJRgABAgAAAQABAAD/2wBDAAgGBgcGBQgHBwcJCQgKDBQNDAsLDBkSEw8UHRofHh0aHBwgJC4nICIsIxwcKDcpLDAxNDQ0Hyc5PTgyPC4zNDL/2wBDAQkJCQwLDBgNDRgyIRwhMjIyMjIyMjIyMjIyMjIyMjIyMjIyMjIyMjIyMjIyMjIyMjIyMjIyMjIyMjIyMjIyMjL/wAARCAA8AKADASIAAhEBAxEB/8QAHwAAAQUBAQEBAQEAAAAAAAAAAAECAwQFBgcICQoL/8QAtRAAAgEDAwIEAwUFBAQAAAF9AQIDAAQRBRIhMUEGE1FhByJxFDKBkaEII0KxwRVS0fAkM2JyggkKFhcYGRolJicoKSo0NTY3ODk6Q0RFRkdISUpTVFVWV1hZWmNkZWZnaGlqc3R1dnd4eXqDhIWGh4iJipKTlJWWl5iZmqKjpKWmp6ipqrKztLW2t7i5usLDxMXGx8jJytLT1NXW19jZ2uHi4+Tl5ufo6erx8vP09fb3+Pn6/8QAHwEAAwEBAQEBAQEBAQAAAAAAAAECAwQFBgcICQoL/8QAtREAAgECBAQDBAcFBAQAAQJ3AAECAxEEBSExBhJBUQdhcRMiMoEIFEKRobHBCSMzUvAVYnLRChYkNOEl8RcYGRomJygpKjU2Nzg5OkNERUZHSElKU1RVVldYWVpjZGVmZ2hpanN0dXZ3eHl6goOEhYaHiImKkpOUlZaXmJmaoqOkpaanqKmqsrO0tba3uLm6wsPExcbHyMnK0tPU1dbX2Nna4uPk5ebn6Onq8vP09fb3+Pn6/9oADAMBAAIRAxEAPwDtrW1ga1hZoIySikkoOeKsCztv+feL/vgU2z/484P+ua/yqyKiMY8q0IjGPKtCIWdr/wA+0P8A3wKeLK1/59of+/YqUU4U+WPYfLHsRCytP+fWH/v2KcLG0/59YP8Av2Kh1HVLPSLGW8vZligjGWY/yA7n2qr4e8T6d4ls3ubB2wjbXSQAMp9xnvWqw03TdVQ91aXtpcLRvY0xYWf/AD6wf9+xThYWf/PpB/37FJd3kFjaS3Vw+yGJdzN6CmR6tYyaaNRS6iNmY/M87d8u3uc1CpXV1HT0Dlj2Jxp9l/z6W/8A37H+FOGnWX/Pnb/9+l/wrm9D+Iega/qUlhaTyJOM+X5ybBMB1Kf4HB9uDWxfeItO06/srCabN3eSBIYU5Y/7R9APWtqmCq0p+znTala9rdO4koNXRfGnWP8Az52//fpf8KcNNsf+fK3/AO/S/wCFTqc08Vz8sew+WPYrjTLD/nytv+/S/wCFPGmWH/Pjbf8Afpf8KnyB1qK21C0uw5trmKYI21vLcNg+hxT9mrXsHLHsA0vT/wDnxtv+/K/4U8aVp/8Az4Wv/flf8KzofFWiza62jR38TX6g5iBzyOoz0yPStxeaqdBwtzxtfXVdAUYvoVhpWnf8+Fr/AN+V/wAKcNJ07/oH2v8A35X/AAq0KeKjlj2Dlj2Ko0nTf+gfaf8Aflf8Kranpenx6Reuljaq6wOVYQqCDtPI4rWFVdW/5At//wBe8n/oJpSjHlegpRjyvQ5Kz/484P8Armv8qsiq9n/x5wf9c1/lVkU4/Chx+FDhTZHCISaeKr3qkwNj0qijxrxPrE+ueM00y/Y/YLeQ4iHAc4zz/Km2Opr4N8WJeRKU0y7G2VF6L9PoefoTUfjfS501H+0rcESIRv29eOjU5Gt/E2gMuVWdeo/uOO/0NfYRr0/q9Gov4DjyTivsv+b1vZp+Rz2d2uvQ77xxqIufBt59nkDCSMEFTkEZFcL4QcX/AIP1LSGlZRK2PXb74+oqn4e1WcW8/h+/z8uRGGPT1X6dxR4UP9jeLhYT8Q3XyKT0J/h/w/GojhpYfDV8HF+9FqpF/wAyXVfId7tS+Q7VPC9rDAjad5kNzFghmcneR6+h9xj/AAXwRFcS+N1uNSlkmuLdC+6SQud3QZP', 0, NULL, '2022-09-21 10:02:48');
INSERT INTO `sys_oper_log` VALUES (21, '获取验证码', 1, 'com.pale.backend.base.controller.LoginController.getCode()', 'POST', 1, 'admin', NULL, '/pale/getCode', '127.0.0.1', '', '', '{\"msg\":\"操作成功\",\"img\":\"/9j/4AAQSkZJRgABAgAAAQABAAD/2wBDAAgGBgcGBQgHBwcJCQgKDBQNDAsLDBkSEw8UHRofHh0aHBwgJC4nICIsIxwcKDcpLDAxNDQ0Hyc5PTgyPC4zNDL/2wBDAQkJCQwLDBgNDRgyIRwhMjIyMjIyMjIyMjIyMjIyMjIyMjIyMjIyMjIyMjIyMjIyMjIyMjIyMjIyMjIyMjIyMjL/wAARCAA8AKADASIAAhEBAxEB/8QAHwAAAQUBAQEBAQEAAAAAAAAAAAECAwQFBgcICQoL/8QAtRAAAgEDAwIEAwUFBAQAAAF9AQIDAAQRBRIhMUEGE1FhByJxFDKBkaEII0KxwRVS0fAkM2JyggkKFhcYGRolJicoKSo0NTY3ODk6Q0RFRkdISUpTVFVWV1hZWmNkZWZnaGlqc3R1dnd4eXqDhIWGh4iJipKTlJWWl5iZmqKjpKWmp6ipqrKztLW2t7i5usLDxMXGx8jJytLT1NXW19jZ2uHi4+Tl5ufo6erx8vP09fb3+Pn6/8QAHwEAAwEBAQEBAQEBAQAAAAAAAAECAwQFBgcICQoL/8QAtREAAgECBAQDBAcFBAQAAQJ3AAECAxEEBSExBhJBUQdhcRMiMoEIFEKRobHBCSMzUvAVYnLRChYkNOEl8RcYGRomJygpKjU2Nzg5OkNERUZHSElKU1RVVldYWVpjZGVmZ2hpanN0dXZ3eHl6goOEhYaHiImKkpOUlZaXmJmaoqOkpaanqKmqsrO0tba3uLm6wsPExcbHyMnK0tPU1dbX2Nna4uPk5ebn6Onq8vP09fb3+Pn6/9oADAMBAAIRAxEAPwDtrW1ga1hZoIySikkoOeKsCztv+feL/vgU2z/484P+ua/yqyKiMY8q0IjGPKtCIWdr/wA+0P8A3wKeLK1/59of+/YqUU7pT5Y9h8sexELK0/59Yf8Av2KcLG0/59YP+/YqlL4h0i3u/ss2pWsc/TY8oBrURlYAggg9CKqVHls5RtfyDlj2IxYWf/PrB/37FOFhZ/8APpB/37FVNY1uw0Cwa91CUxwhguVUsST0GBV+3uEuLeOZM7ZFDDIwcEZodG0VNx0fWwcsewg0+y/59Lf/AL9j/CnDTrL/AJ87f/v0v+FPjmjkQOjqynoynINZWreL9B0PI1DU4InH/LMHe/8A3yuTTp0HUlywjd9krg4xW5qjTrH/AJ87f/v0v+FOGm2P/Plb/wDfpf8ACn21wlzbxzx52SKHXIwcEZqcVHJHsHLHsVxplh/z5W3/AH6X/CnjTLD/AJ8bb/v0v+FWBxWVqvinRdDdU1LUIbd25CsefyHNXCi6kuWEbvyQOMVui+NL0/8A58bb/vyv+FPGlaf/AM+Fr/35X/Co9O1bT9VgE9heQXMX96JwwH1x0q+KmVNRdmrMOWPYrDStO/58LX/vyv8AhThpOnf9A+1/78r/AIVaFPFLlj2Dlj2Ko0nTf+gfaf8Aflf8Kranpenx6Reuljaq6wOVYQqCDtPI4rWFVdW/5At//wBe8n/oJpSjHlegpRjyvQ5Kz/484P8Armv8qsiq9n/x5wf9c1/lVkU4/Chx+FDhVDVrlreymMf39h249cVoAVlazC0lswHpVp2ZR4DplpDq2oXK388iynLBlPJbPvXceBdf1bSNTOjXyzT2Z4jk5IQ9sH+7/KuQ8SabLpupvdwZVXYlsdiev4Gl0e/8QJGbiyuPNVTzG7Zz+Br73EyePwzrKcPZySSUnbll5P8Aq/ocsfdlbqdT8QdS1qQzQzT2xsJJl+zxBcvx3z+dW/BOual/aMovdTLuE2vZyjBUDoy+orLsNUtvFki2t5Asd9F8wQ9yOu30PtXU2vheOeaGWWM+bEcpIpww9s+leHicT9XofUa9JRkk9Ul5Wa73tq97+ljRRu+ZM8/1Xw5qdrqNy1rdILeWVmULKV4J7isZdJ2ata2csyuZXG/ZnAGfWvbb3w0JYy2O1eW', 0, NULL, '2022-09-21 10:02:49');
INSERT INTO `sys_oper_log` VALUES (22, '获取验证码', 1, 'com.pale.backend.base.controller.LoginController.getCode()', 'POST', 1, 'admin', NULL, '/pale/getCode', '127.0.0.1', '', '', '{\"msg\":\"操作成功\",\"img\":\"/9j/4AAQSkZJRgABAgAAAQABAAD/2wBDAAgGBgcGBQgHBwcJCQgKDBQNDAsLDBkSEw8UHRofHh0aHBwgJC4nICIsIxwcKDcpLDAxNDQ0Hyc5PTgyPC4zNDL/2wBDAQkJCQwLDBgNDRgyIRwhMjIyMjIyMjIyMjIyMjIyMjIyMjIyMjIyMjIyMjIyMjIyMjIyMjIyMjIyMjIyMjIyMjL/wAARCAA8AKADASIAAhEBAxEB/8QAHwAAAQUBAQEBAQEAAAAAAAAAAAECAwQFBgcICQoL/8QAtRAAAgEDAwIEAwUFBAQAAAF9AQIDAAQRBRIhMUEGE1FhByJxFDKBkaEII0KxwRVS0fAkM2JyggkKFhcYGRolJicoKSo0NTY3ODk6Q0RFRkdISUpTVFVWV1hZWmNkZWZnaGlqc3R1dnd4eXqDhIWGh4iJipKTlJWWl5iZmqKjpKWmp6ipqrKztLW2t7i5usLDxMXGx8jJytLT1NXW19jZ2uHi4+Tl5ufo6erx8vP09fb3+Pn6/8QAHwEAAwEBAQEBAQEBAQAAAAAAAAECAwQFBgcICQoL/8QAtREAAgECBAQDBAcFBAQAAQJ3AAECAxEEBSExBhJBUQdhcRMiMoEIFEKRobHBCSMzUvAVYnLRChYkNOEl8RcYGRomJygpKjU2Nzg5OkNERUZHSElKU1RVVldYWVpjZGVmZ2hpanN0dXZ3eHl6goOEhYaHiImKkpOUlZaXmJmaoqOkpaanqKmqsrO0tba3uLm6wsPExcbHyMnK0tPU1dbX2Nna4uPk5ebn6Onq8vP09fb3+Pn6/9oADAMBAAIRAxEAPwDtrW1ga1hZoIySikkoOeKsCztv+feL/vgU2z/484P+ua/yqyKiMY8q0IjGPKtCIWdr/wA+0P8A3wKeLK1/59of+/YqUU4cU+WPYfLHsRCytP8An1h/79inCxtP+fWD/v2KqTa7pVtdi1n1C2inP8DyAGtJGVgCDkVUqXLZuNr+QcsexGLCz/59YP8Av2KcLCz/AOfSD/v2KnFOFTyx7Byx7EI0+y/59Lf/AL9j/CnDTrL/AJ87f/v0v+FTAinqQeho5Y9g5Y9iEadY/wDPnb/9+l/wpw02x/58rf8A79L/AIVYFOFHLHsHLHsVxplh/wA+Vt/36X/CnjTLD/nxtv8Av0v+FT5ArmdS+InhnSL82V3qKrKpw+xC4Q++BWtLDTrPlpQcn5K4morc6EaXp/8Az423/flf8KeNK0//AJ8LX/vyv+FN0/UrLVLVLmxuYriFhw8bAirorN01F2a1Hyx7FYaVp3/Pha/9+V/wpw0nTv8AoH2v/flf8KtCnilyx7Byx7FUaTpv/QPtP+/K/wCFVtT0vT49IvXSxtVdYHKsIVBB2nkcVrCqurf8gW//AOveT/0E0pRjyvQUox5XoclZ/wDHnB/1zX+VWRVez/484P8Armv8qsinH4UOPwocKgu5vJiLVYFV7yHzYWX2qij541q1ZvF1xHfSuEmmJEvfaTwf5Vv+H/FV/wCDdXjsrq4a40tzxn+FfUen0q9420cJDJO8e7ZzkdRXAGW61ARwkGXy/u+uK/QMBX/tPDL21lTiuWSdtHbSUX0fRnLJcktNz6lt5lmjV0YFSMgjvTby48iB3HUA4rzzwb4+srh4tIuY5LS6VQkYl5DEDpn1qhq/xGv9O1GfTdZ0pVCthZrdzhl7MAeufrxXySyjGOq6Kh7yV7XWq7rXX5XN/aRtc4ufV9b8Qa7LBPqs0OXbjeQqgHpgVreG/FWp+EfEUdtqN3JPYSHDFmLADswzXM6pcwNqp1PT3yrNvdSCCp9x6H/Patq+tY9c0WO5tyC6jcuTyD3U/wCfSvqsTWpxVONWmlQmuVq1nCXn19PLUwinrZ6o9V1f4madoGsJY39pceTJGskdzDh1YHvjjoc9M10Om+LtA1WES2erWsgPYyBWH1U4I/EV4foWsJqWkHTNQtY', 0, NULL, '2022-09-21 10:02:54');
INSERT INTO `sys_oper_log` VALUES (23, '获取验证码', 1, 'com.pale.backend.base.controller.LoginController.getCode()', 'POST', 1, 'admin', NULL, '/pale/getCode', '127.0.0.1', '', '', '{\"msg\":\"操作成功\",\"img\":\"/9j/4AAQSkZJRgABAgAAAQABAAD/2wBDAAgGBgcGBQgHBwcJCQgKDBQNDAsLDBkSEw8UHRofHh0aHBwgJC4nICIsIxwcKDcpLDAxNDQ0Hyc5PTgyPC4zNDL/2wBDAQkJCQwLDBgNDRgyIRwhMjIyMjIyMjIyMjIyMjIyMjIyMjIyMjIyMjIyMjIyMjIyMjIyMjIyMjIyMjIyMjIyMjL/wAARCAA8AKADASIAAhEBAxEB/8QAHwAAAQUBAQEBAQEAAAAAAAAAAAECAwQFBgcICQoL/8QAtRAAAgEDAwIEAwUFBAQAAAF9AQIDAAQRBRIhMUEGE1FhByJxFDKBkaEII0KxwRVS0fAkM2JyggkKFhcYGRolJicoKSo0NTY3ODk6Q0RFRkdISUpTVFVWV1hZWmNkZWZnaGlqc3R1dnd4eXqDhIWGh4iJipKTlJWWl5iZmqKjpKWmp6ipqrKztLW2t7i5usLDxMXGx8jJytLT1NXW19jZ2uHi4+Tl5ufo6erx8vP09fb3+Pn6/8QAHwEAAwEBAQEBAQEBAQAAAAAAAAECAwQFBgcICQoL/8QAtREAAgECBAQDBAcFBAQAAQJ3AAECAxEEBSExBhJBUQdhcRMiMoEIFEKRobHBCSMzUvAVYnLRChYkNOEl8RcYGRomJygpKjU2Nzg5OkNERUZHSElKU1RVVldYWVpjZGVmZ2hpanN0dXZ3eHl6goOEhYaHiImKkpOUlZaXmJmaoqOkpaanqKmqsrO0tba3uLm6wsPExcbHyMnK0tPU1dbX2Nna4uPk5ebn6Onq8vP09fb3+Pn6/9oADAMBAAIRAxEAPwDtrW1ga1hZoIySikkoOeKsCztv+feL/vgU2z/484P+ua/yqyKiMY8q0IjGPKtCIWdr/wA+0P8A3wKeLK1/59of+/YqUUpYKCWIAHJJ7U+WPYfLHsRiytP+fWH/AL9inCxtP+fWD/v2KrX+sWGmae9/d3Mcdsq7vMzkHPTGOue2Kz/DnjTR/ExkSxldZo+WhmAV9v8AeAycj6dO+Mito4SpKm6sYNxW7tohWhexuCws/wDn1g/79inCws/+fSD/AL9ipl5p+cVjyx7D5Y9iEafZf8+lv/37H+FOGnWX/Pnb/wDfpf8ACqSeI9IfWG0lb+A3yjmHdz9Pr7VrKQaudFwtzRtfXboHLHsQjTrH/nzt/wDv0v8AhThptj/z5W//AH6X/CrApwqOWPYOWPYrjTLD/nytv+/S/wCFPGmWH/Pjbf8Afpf8KsZAqOK7t5t3lTRybDtbYwOD6GnyLsHLHsNGl6f/AM+Nt/35X/CnjStP/wCfC1/78r/hWXF4v0OXxAdEjvo3vwDmNeRkdVz0yPSt9TmrnQdO3PG19dV0BRi+hWGlad/z4Wv/AH5X/CnDSdO/6B9r/wB+V/wq0KeKz5Y9g5Y9iqNJ03/oH2n/AH5X/Cq2p6Xp8ekXrpY2qusDlWEKgg7TyOK1hVXVv+QLf/8AXvJ/6CaUox5XoKUY8r0OSs/+POD/AK5r/KrIqvZ/8ecH/XNf5VZFOPwocfhQ4Vn6s26wni3FfMjZNw7ZGM1ogVXu7bz4yKpOxR8/TaFfwyi21G7drG3JK4kJGP8AZU9KpaRHJP4ht309Wh2Shl2ucgZ9evSvSvF+j+Tpl3Ko5EbH9K5HwBbLc3smPvqQce1faYbNsRUwNfEzs2rRSWi13bXVs5nTSkkj3mxn86FWpNRmkitJGix5m07c9M9qwNZ1G/0Hw697p1vHcywFWkicH5o/4sY6EdfoDVFviT4budB+3yXWyTb81p1l3egHf69PpXytLBV6sFUpR5le2muvmvM3cknZnnN74QdLua4l1FmumJkEgGMSZz+Va3w417WJ/FbwX15LPFFEwfzGzgjgfrW/rKafqdvPHY3kbT+UJF2nBAYZVvpyPzrzO0u9X8L3S3W1V8yTMmcHd7E/nX02DxFfMKFXD4hxc2koqSS', 0, NULL, '2022-09-22 06:13:08');
INSERT INTO `sys_oper_log` VALUES (24, '获取验证码', 1, 'com.pale.backend.base.controller.LoginController.getCode()', 'POST', 1, 'admin', NULL, '/pale/getCode', '127.0.0.1', '', '', '{\"msg\":\"操作成功\",\"img\":\"/9j/4AAQSkZJRgABAgAAAQABAAD/2wBDAAgGBgcGBQgHBwcJCQgKDBQNDAsLDBkSEw8UHRofHh0aHBwgJC4nICIsIxwcKDcpLDAxNDQ0Hyc5PTgyPC4zNDL/2wBDAQkJCQwLDBgNDRgyIRwhMjIyMjIyMjIyMjIyMjIyMjIyMjIyMjIyMjIyMjIyMjIyMjIyMjIyMjIyMjIyMjIyMjL/wAARCAA8AKADASIAAhEBAxEB/8QAHwAAAQUBAQEBAQEAAAAAAAAAAAECAwQFBgcICQoL/8QAtRAAAgEDAwIEAwUFBAQAAAF9AQIDAAQRBRIhMUEGE1FhByJxFDKBkaEII0KxwRVS0fAkM2JyggkKFhcYGRolJicoKSo0NTY3ODk6Q0RFRkdISUpTVFVWV1hZWmNkZWZnaGlqc3R1dnd4eXqDhIWGh4iJipKTlJWWl5iZmqKjpKWmp6ipqrKztLW2t7i5usLDxMXGx8jJytLT1NXW19jZ2uHi4+Tl5ufo6erx8vP09fb3+Pn6/8QAHwEAAwEBAQEBAQEBAQAAAAAAAAECAwQFBgcICQoL/8QAtREAAgECBAQDBAcFBAQAAQJ3AAECAxEEBSExBhJBUQdhcRMiMoEIFEKRobHBCSMzUvAVYnLRChYkNOEl8RcYGRomJygpKjU2Nzg5OkNERUZHSElKU1RVVldYWVpjZGVmZ2hpanN0dXZ3eHl6goOEhYaHiImKkpOUlZaXmJmaoqOkpaanqKmqsrO0tba3uLm6wsPExcbHyMnK0tPU1dbX2Nna4uPk5ebn6Onq8vP09fb3+Pn6/9oADAMBAAIRAxEAPwDtrW1ga1hZoIySikkoOeKsCztv+feL/vgU2z/484P+ua/yqyKiMY8q0IjGPKtCIWdr/wA+0P8A3wKeLK1/59of+/YqUU4U+WPYfLHsRCytP+fWH/v2KcLG0/59YP8Av2KgvtX0/S4vMvryC3XGcyuFz9PWs3TfHHh3VtQSxstREty+dqeU43YGTgkY6A1tDCVJwc4QbS3aWi+YrQWhuCws/wDn1g/79inCws/+fSD/AL9ipl5p4rHlj2Hyx7EI0+y/59Lf/v2P8KcNOsv+fO3/AO/S/wCFTZApkN5bTzyQxXEUksePMRXBKZ6ZHbofyp8i7Byx7ANOsf8Anzt/+/S/4U4abY/8+Vv/AN+l/wAKsCnClyx7Byx7FcaZYf8APlbf9+l/wp40yw/58bb/AL9L/hVgUPKkSF3YKoGSScAUckewcsexCNL0/wD58bb/AL8r/hTxpWn/APPha/8Aflf8KzYfF3h+bUFsYtYs5LljtVFlByfQHpn2rdUg1c6Dhbnja/dByxfQrDStO/58LX/vyv8AhThpOnf9A+1/78r/AIVaFPFRyx7Byx7FUaTpv/QPtP8Avyv+FVtT0vT49IvXSxtVdYHKsIVBB2nkcVrCqurf8gW//wCveT/0E0pRjyvQUox5XoclZ/8AHnB/1zX+VWRVez/484P+ua/yqyKcfhQ4/ChwqOeURRljUorO1YkWrY9Koo8I8UXo13xjdSTzFIVbYGPO1FrpfA2m6VFq8V/Y3Mss0QIIZhgZGOmAR1rlL3RLkavMZ1/dtIzZU9cmn2V1J4U8QW13FuaEjLKf4l6Efh1r7ytOnjKSweErvmUFaK+F2Wqb3u/wOVJxfNJdT6PtmLRgmp2YKMmuZvfF+kaJpdve3k7CGcfujHGzb+M9hxx64ridU+MNtcJPBZWEyK0bBJpGAIbHHyjP86+TwuV4zFK9Gm2u/Q3lOMd2J8SvHr/vdF0yUjI23Eqnt/dFHwbuEgt9RX+N5Uz9ADj+ZrzO2Vrp7iWRt0jg8scnJ710HgLX7bQtRuRfTeTC6A7ipPzA9MD6n8q+rxWEpQy+tgMMrzhyuXeTf+RhGTc1KWzPbLzx5oOl6w2l6hdm2nCqwaRDsYH/AGh0/HFPvPiB4WsIPNk1q0cY4WB/NY/', 0, NULL, '2022-09-22 06:21:20');
INSERT INTO `sys_oper_log` VALUES (25, '登录', 1, 'com.pale.backend.base.controller.LoginController.login()', 'POST', 1, 'admin', NULL, '/pale/login', '127.0.0.1', '', '{\"code\":\"2\",\"password\":\"12345678\",\"username\":\"Crimson\",\"uuid\":\"046785300fc9405fa98f43cc98741d84\"}', NULL, 1, '验证码错误', '2022-09-22 06:22:45');
INSERT INTO `sys_oper_log` VALUES (26, '登录', 1, 'com.pale.backend.base.controller.LoginController.login()', 'POST', 1, 'admin', NULL, '/pale/login', '127.0.0.1', '', '{\"code\":\"1\",\"password\":\"12345678\",\"username\":\"Crimson\",\"uuid\":\"046785300fc9405fa98f43cc98741d84\"}', NULL, 1, '验证码错误', '2022-09-22 06:23:30');
INSERT INTO `sys_oper_log` VALUES (27, '获取验证码', 1, 'com.pale.backend.base.controller.LoginController.getCode()', 'POST', 1, 'admin', NULL, '/pale/getCode', '127.0.0.1', '', '', '{\"msg\":\"操作成功\",\"img\":\"/9j/4AAQSkZJRgABAgAAAQABAAD/2wBDAAgGBgcGBQgHBwcJCQgKDBQNDAsLDBkSEw8UHRofHh0aHBwgJC4nICIsIxwcKDcpLDAxNDQ0Hyc5PTgyPC4zNDL/2wBDAQkJCQwLDBgNDRgyIRwhMjIyMjIyMjIyMjIyMjIyMjIyMjIyMjIyMjIyMjIyMjIyMjIyMjIyMjIyMjIyMjIyMjL/wAARCAA8AKADASIAAhEBAxEB/8QAHwAAAQUBAQEBAQEAAAAAAAAAAAECAwQFBgcICQoL/8QAtRAAAgEDAwIEAwUFBAQAAAF9AQIDAAQRBRIhMUEGE1FhByJxFDKBkaEII0KxwRVS0fAkM2JyggkKFhcYGRolJicoKSo0NTY3ODk6Q0RFRkdISUpTVFVWV1hZWmNkZWZnaGlqc3R1dnd4eXqDhIWGh4iJipKTlJWWl5iZmqKjpKWmp6ipqrKztLW2t7i5usLDxMXGx8jJytLT1NXW19jZ2uHi4+Tl5ufo6erx8vP09fb3+Pn6/8QAHwEAAwEBAQEBAQEBAQAAAAAAAAECAwQFBgcICQoL/8QAtREAAgECBAQDBAcFBAQAAQJ3AAECAxEEBSExBhJBUQdhcRMiMoEIFEKRobHBCSMzUvAVYnLRChYkNOEl8RcYGRomJygpKjU2Nzg5OkNERUZHSElKU1RVVldYWVpjZGVmZ2hpanN0dXZ3eHl6goOEhYaHiImKkpOUlZaXmJmaoqOkpaanqKmqsrO0tba3uLm6wsPExcbHyMnK0tPU1dbX2Nna4uPk5ebn6Onq8vP09fb3+Pn6/9oADAMBAAIRAxEAPwDtrW1ga1hZoIySikkoOeKsCztv+feL/vgU2z/484P+ua/yqyKiMY8q0IjGPKtCIWdr/wA+0P8A3wKeLK1/59of+/YqUU4U+WPYfLHsRCytP+fWH/v2KcLG0/59YP8Av2Kiv9Ss9Ls3u724SCBBlnY/5yfaqug+JdL8RQSTadP5gjba6spVl9OD61qsPJwdRQ91dbafeFo3saQsLP8A59YP+/YpwsLP/n0g/wC/YqRpEjRndgqqMknsKbaXltfWyXNrPHNDIMrJGwIP41n7NWvYOWPYUafZf8+lv/37H+FOGnWX/Pnb/wDfpf8ACoDrGnJfixa9t1uyMiEyAMfwq8sqF9m4bsZxnmm6XLug5Y9iMadY/wDPnb/9+l/wpw02x/58rf8A79L/AIVYFOFTyx7Byx7FcaZYf8+Vt/36X/CnjTLD/nxtv+/S/wCFWBxTVniLFVkUleoB6UckewcsexGNL0//AJ8bb/vyv+FPGlaf/wA+Fr/35X/Cs638VaJc6wdJg1GCW9AOY0bPTqM+orcXmrnRcLKcbX7oOWL6FYaVp3/Pha/9+V/wpw0nTv8AoH2v/flf8KtCnio5Y9g5Y9iqNJ03/oH2n/flf8Kranpenx6Reuljaq6wOVYQqCDtPI4rWFVdW/5At/8A9e8n/oJpSjHlegpRjyvQ5Kz/AOPOD/rmv8qsiq9n/wAecH/XNf5VZFOPwocfhQ4VHNKIkJNSiqGqBjbNj0qijxLUtcufFPiUw6nM4soXbEAO0cdvr707wdqi6T48C2pItbhjCVB4wen61m+KLaJPEMiQkrJK2XA6Amk0rytF1e3ubpS0G7iQD7h96/QOehPC8kG/fp+7Tt16vzd/m7HJZ8130e56v8Q9dey8JzrC2HnxFkHkA9ayPh5J/ZPhWaaJd002ZNvqQOBWT4/ulvPD9tLDIskRkDBlOcjBre8CQC78P22Dn5cH6189JOlkysvinr8lojbep8jhJvD19e6lc3WqTmOaYmQSAhvmJ6Gn+EL+/svHNnFJdSOFk2PlyRjFd54ngsdJtzLcyBWIJVe5rg/CUL3uvz6iFwqkhfqf/rfzr0sPmeJxGDr1cSl7NRstLavRJfqQ4JSSW57lF4w0MC5WbU7eGS1YrMkrhGXHseo+lc7', 0, NULL, '2022-09-22 06:23:44');
INSERT INTO `sys_oper_log` VALUES (28, '登录', 1, 'com.pale.backend.base.controller.LoginController.login()', 'POST', 1, 'admin', NULL, '/pale/login', '127.0.0.1', '', '{\"code\":\"4\",\"password\":\"12345678\",\"username\":\"Crimson\",\"uuid\":\"6038c61b767a4bf9ae8aca16ad9bf2af\"}', NULL, 1, '验证码错误', '2022-09-22 06:24:32');
INSERT INTO `sys_oper_log` VALUES (29, '获取验证码', 1, 'com.pale.backend.base.controller.LoginController.getCode()', 'POST', 1, 'admin', NULL, '/pale/getCode', '127.0.0.1', '', '', '{\"msg\":\"操作成功\",\"img\":\"/9j/4AAQSkZJRgABAgAAAQABAAD/2wBDAAgGBgcGBQgHBwcJCQgKDBQNDAsLDBkSEw8UHRofHh0aHBwgJC4nICIsIxwcKDcpLDAxNDQ0Hyc5PTgyPC4zNDL/2wBDAQkJCQwLDBgNDRgyIRwhMjIyMjIyMjIyMjIyMjIyMjIyMjIyMjIyMjIyMjIyMjIyMjIyMjIyMjIyMjIyMjIyMjL/wAARCAA8AKADASIAAhEBAxEB/8QAHwAAAQUBAQEBAQEAAAAAAAAAAAECAwQFBgcICQoL/8QAtRAAAgEDAwIEAwUFBAQAAAF9AQIDAAQRBRIhMUEGE1FhByJxFDKBkaEII0KxwRVS0fAkM2JyggkKFhcYGRolJicoKSo0NTY3ODk6Q0RFRkdISUpTVFVWV1hZWmNkZWZnaGlqc3R1dnd4eXqDhIWGh4iJipKTlJWWl5iZmqKjpKWmp6ipqrKztLW2t7i5usLDxMXGx8jJytLT1NXW19jZ2uHi4+Tl5ufo6erx8vP09fb3+Pn6/8QAHwEAAwEBAQEBAQEBAQAAAAAAAAECAwQFBgcICQoL/8QAtREAAgECBAQDBAcFBAQAAQJ3AAECAxEEBSExBhJBUQdhcRMiMoEIFEKRobHBCSMzUvAVYnLRChYkNOEl8RcYGRomJygpKjU2Nzg5OkNERUZHSElKU1RVVldYWVpjZGVmZ2hpanN0dXZ3eHl6goOEhYaHiImKkpOUlZaXmJmaoqOkpaanqKmqsrO0tba3uLm6wsPExcbHyMnK0tPU1dbX2Nna4uPk5ebn6Onq8vP09fb3+Pn6/9oADAMBAAIRAxEAPwDtrW1ga1hZoIySikkoOeKsCztv+feL/vgU2z/484P+ua/yqyKiMY8q0IjGPKtCIWdr/wA+0P8A3wKeLK1/59of+/YqUU4U+WPYfLHsRCytP+fWH/v2KcLG0/59YP8Av2KivdSstMtzPe3UVvEP4pGAH/16ZpOu6ZrcTS6ddx3CIcNt6qfcHkVoqEnDnUfd720+8OWOxbFhZ/8APrB/37FOFhZ/8+kH/fsVI8scUZkkdURRksxwB+NLDNFNEksUivG4DK6nIYHoQe4qORb2Dlj2GjT7L/n0t/8Av2P8KcNOsv8Anzt/+/S/4VFbarYXU0sNveW8ssTFJI0kBZGBwQR1FUtT8X6Bopxf6pbxOP4A29/++Vyf0q44eU5ckYXfa2oWjuao06x/587f/v0v+FOGm2P/AD5W/wD36X/CksL631KygvLVy8E6CSNipXKkZBweatiodNJ2a1Dlj2K40yw/58rb/v0v+FPGmWH/AD423/fpf8KsClaRI1LMwAHJJPSlyR7Byx7EA0vT/wDnxtv+/K/4U8aVp/8Az4Wv/flf8Kx28c+GI75bI61Z+eTtAEmRn03DjP410SMGGQc1pPDyp2c42vtdAlFlcaVp3/Pha/8Aflf8KcNJ07/oH2v/AH5X/CrQp4rPlj2Dlj2Ko0nTf+gfaf8Aflf8Kranpenx6Reuljaq6wOVYQqCDtPI4rWFVdW/5At//wBe8n/oJpSjHlegpRjyvQ5Kz/484P8Armv8qsiq9n/x5wf9c1/lVkU4/Chx+FDhVLVdRTTNPnun5ESFsetXe1c14uUzaTcwZx5kbLn0yK1p8vMubbqUzyd7y48YX1zfatdyC3j4iiVsKvpxW/8AD2wn0jU5LpLuKS3lQoyISe/FefWUUk8/2FpDEjNlx7itixu5vCmtROJGktZR849R/iK+9x9CpJ1MFQqpc0U4wtpyrs+71ZyRa0k18zqvHPijVJ7C60rUNO8uCSZTDNG+Qyg5wRWx4M1rUbwfa5b+H7GkIhisohnywOhJz14rJ1LRhqmpQ6ksrypsBRDyvPQiuh8MeHIbN5ZI4Ajy/eNfOV8dhfqSw9OFpbvTS7smtXo7Jar00NlGXNdnn/iDwlKuoz3MN8j+bI0jeapUgk56jOf0rCsdIFx', 0, NULL, '2022-09-22 06:25:50');
INSERT INTO `sys_oper_log` VALUES (30, '登录', 1, 'com.pale.backend.base.controller.LoginController.login()', 'POST', 1, 'admin', NULL, '/pale/login', '127.0.0.1', '', '{\"code\":\"54\",\"password\":\"12345678\",\"username\":\"Crimson\",\"uuid\":\"c8bdc185662f4b1782bd8a167e5bac6e\"}', NULL, 1, '验证码错误', '2022-09-22 06:26:41');
INSERT INTO `sys_oper_log` VALUES (31, '登录', 1, 'com.pale.backend.base.controller.LoginController.login()', 'POST', 1, 'admin', NULL, '/pale/login', '127.0.0.1', '', '{\"code\":\"54\",\"password\":\"12345678\",\"username\":\"Crimson\",\"uuid\":\"c8bdc185662f4b1782bd8a167e5bac6e\"}', NULL, 1, '验证码错误', '2022-09-22 06:27:24');
INSERT INTO `sys_oper_log` VALUES (32, '登录', 1, 'com.pale.backend.base.controller.LoginController.login()', 'POST', 1, 'admin', NULL, '/pale/login', '127.0.0.1', '', '{\"code\":\"54\",\"password\":\"12345678\",\"username\":\"Crimson\",\"uuid\":\"c8bdc185662f4b1782bd8a167e5bac6e\"}', NULL, 1, '验证码错误', '2022-09-22 06:29:28');
INSERT INTO `sys_oper_log` VALUES (33, '登录', 1, 'com.pale.backend.base.controller.LoginController.login()', 'POST', 1, 'admin', NULL, '/pale/login', '127.0.0.1', '', '{\"code\":\"54\",\"password\":\"12345678\",\"username\":\"Crimson\",\"uuid\":\"c8bdc185662f4b1782bd8a167e5bac6e\"}', NULL, 1, '验证码错误', '2022-09-22 06:34:30');
INSERT INTO `sys_oper_log` VALUES (34, '获取验证码', 1, 'com.pale.backend.base.controller.LoginController.getCode()', 'POST', 1, 'admin', NULL, '/pale/getCode', '127.0.0.1', '', '', '{\"msg\":\"操作成功\",\"img\":\"/9j/4AAQSkZJRgABAgAAAQABAAD/2wBDAAgGBgcGBQgHBwcJCQgKDBQNDAsLDBkSEw8UHRofHh0aHBwgJC4nICIsIxwcKDcpLDAxNDQ0Hyc5PTgyPC4zNDL/2wBDAQkJCQwLDBgNDRgyIRwhMjIyMjIyMjIyMjIyMjIyMjIyMjIyMjIyMjIyMjIyMjIyMjIyMjIyMjIyMjIyMjIyMjL/wAARCAA8AKADASIAAhEBAxEB/8QAHwAAAQUBAQEBAQEAAAAAAAAAAAECAwQFBgcICQoL/8QAtRAAAgEDAwIEAwUFBAQAAAF9AQIDAAQRBRIhMUEGE1FhByJxFDKBkaEII0KxwRVS0fAkM2JyggkKFhcYGRolJicoKSo0NTY3ODk6Q0RFRkdISUpTVFVWV1hZWmNkZWZnaGlqc3R1dnd4eXqDhIWGh4iJipKTlJWWl5iZmqKjpKWmp6ipqrKztLW2t7i5usLDxMXGx8jJytLT1NXW19jZ2uHi4+Tl5ufo6erx8vP09fb3+Pn6/8QAHwEAAwEBAQEBAQEBAQAAAAAAAAECAwQFBgcICQoL/8QAtREAAgECBAQDBAcFBAQAAQJ3AAECAxEEBSExBhJBUQdhcRMiMoEIFEKRobHBCSMzUvAVYnLRChYkNOEl8RcYGRomJygpKjU2Nzg5OkNERUZHSElKU1RVVldYWVpjZGVmZ2hpanN0dXZ3eHl6goOEhYaHiImKkpOUlZaXmJmaoqOkpaanqKmqsrO0tba3uLm6wsPExcbHyMnK0tPU1dbX2Nna4uPk5ebn6Onq8vP09fb3+Pn6/9oADAMBAAIRAxEAPwDtrW1ga1hZoIySikkoOeKsCztv+feL/vgU2z/484P+ua/yqyKiMY8q0IjGPKtCIWdr/wA+0P8A3wKeLK1/59of+/YqUU4U+WPYfLHsRCytP+fWH/v2KcLG0/59YP8Av2KrXet6Zp91FbXl9BBNMCY1lcLux9frV9JFcBlYEHkEHrVOlZJuO/kHLHsMFhZ/8+sH/fsU4WFn/wA+kH/fsVMKeKnlj2Dlj2IRp9l/z6W//fsf4U4adZf8+dv/AN+l/wAKmDAU5WVuhB+lHJHsHLHsRDTrH/nzt/8Av0v+FOGm2P8Az5W//fpf8KsCnCjlj2Dlj2K40yw/58rb/v0v+FPGmWH/AD423/fpf8KnzisHVPHPhzRbz7Lf6pFFMPvIAWK/XAOK0pYeVWXLThd+SuDUVubI0vT/APnxtv8Avyv+FPGlaf8A8+Fr/wB+V/wpmn6pY6pbLcWN1Dcwt0eJww/SrwqHTUXZrUOWPYrDStO/58LX/vyv+FOGk6d/0D7X/vyv+FWhTxS5Y9g5Y9iqNJ03/oH2n/flf8Kranpenx6Reuljaq6wOVYQqCDtPI4rWFVdW/5At/8A9e8n/oJpSjHlegpRjyvQ5Kz/AOPOD/rmv8qsiq9n/wAecH/XNf5VZFOPwocfhQ4UyaTy4y1SCqt+CbdselUUeDeOr59U8YTqz4WMiNc9BV3wjouoW3iGxuBcRvawyh2CyHB/DFV/FWiO2szTRv8APIdxQnn8KowjVPDjJfWk26MEbwRx+Ir7qGMhicHTwmFqxUnHl5ZR3dtbPo+3c5eVxk5SR9IW8nmRhqp63qf9l6Vc3QGWijLAe+K5a28b+b4KfWtPsxczRDElsXwVII3c4OcA5+lcZf8AxQk1G2ltNR0loUlUqTHJzg8Hgj+tfM4fKMXVk+WF+V2aur6b6XubupFdTnUvtY8V3s8lzqsqKOQCx2j2ABrb+H/iS90XxQNMvLh3glPl4ZsgN2xmuY0Jxba19mdhsm+RW7E/wn8f61Y8R2k2nanDexkqcghvRl6f59q+uryjVxUsvcUqdSF4aJa2/wCHOdaR5+q3PX7z4r6Ppet3GmX1rdxmFgpmRQyngHOM5xzXSWHjTw5qMQkttZsyPR5QjD6q2CPyrxvW9ctXtbW8utJ', 0, NULL, '2022-09-22 06:50:34');
INSERT INTO `sys_oper_log` VALUES (35, '获取验证码', 1, 'com.pale.backend.base.controller.LoginController.getCode()', 'POST', 1, 'admin', NULL, '/pale/getCode', '127.0.0.1', '', '', '{\"msg\":\"操作成功\",\"img\":\"/9j/4AAQSkZJRgABAgAAAQABAAD/2wBDAAgGBgcGBQgHBwcJCQgKDBQNDAsLDBkSEw8UHRofHh0aHBwgJC4nICIsIxwcKDcpLDAxNDQ0Hyc5PTgyPC4zNDL/2wBDAQkJCQwLDBgNDRgyIRwhMjIyMjIyMjIyMjIyMjIyMjIyMjIyMjIyMjIyMjIyMjIyMjIyMjIyMjIyMjIyMjIyMjL/wAARCAA8AKADASIAAhEBAxEB/8QAHwAAAQUBAQEBAQEAAAAAAAAAAAECAwQFBgcICQoL/8QAtRAAAgEDAwIEAwUFBAQAAAF9AQIDAAQRBRIhMUEGE1FhByJxFDKBkaEII0KxwRVS0fAkM2JyggkKFhcYGRolJicoKSo0NTY3ODk6Q0RFRkdISUpTVFVWV1hZWmNkZWZnaGlqc3R1dnd4eXqDhIWGh4iJipKTlJWWl5iZmqKjpKWmp6ipqrKztLW2t7i5usLDxMXGx8jJytLT1NXW19jZ2uHi4+Tl5ufo6erx8vP09fb3+Pn6/8QAHwEAAwEBAQEBAQEBAQAAAAAAAAECAwQFBgcICQoL/8QAtREAAgECBAQDBAcFBAQAAQJ3AAECAxEEBSExBhJBUQdhcRMiMoEIFEKRobHBCSMzUvAVYnLRChYkNOEl8RcYGRomJygpKjU2Nzg5OkNERUZHSElKU1RVVldYWVpjZGVmZ2hpanN0dXZ3eHl6goOEhYaHiImKkpOUlZaXmJmaoqOkpaanqKmqsrO0tba3uLm6wsPExcbHyMnK0tPU1dbX2Nna4uPk5ebn6Onq8vP09fb3+Pn6/9oADAMBAAIRAxEAPwDtrW1ga1hZoIySikkoOeKsCztv+feL/vgU2z/484P+ua/yqyKiMY8q0IjGPKtCIWdr/wA+0P8A3wKeLK1/59of+/YqUVFd3tvp9q9zdSrFAmNzt0XJxz+dUoJuyQ+WPYcLK0/59Yf+/YpwsbT/AJ9YP+/Yqteazp2n2Bvrq8hitsAiUtkHPTGOv4VT0PxhoniB2j0+9V5V6xOCj49QD1H0rWOFnKDqKDcVu7aL5itC9jYFhZ/8+sH/AH7FOFhZ/wDPpB/37FVNX1yw0KyF5qExigLhN4Qtgn2HNaEcySRrIjBkYAgjuKzdK0VJx0fWw+WPYaNPsv8An0t/+/Y/wpw06y/587f/AL9L/hWHpvjnw9qmpSafbagn2lGKhJFKbyOPlJAz9Ksa34w0Pw6E/tK+WOR/uxKC7keuB0Hua2+pVvaKl7N8z2Vnf7hWha+hrjTrH/nzt/8Av0v+FOGm2P8Az5W//fpf8Kkt5o7iFJY23I6hlPqD0qYVz8kew+WPYrjTLD/nytv+/S/4U8aZYf8APjbf9+l/wqwKXcB1NHLHsHLHsQDS9P8A+fG2/wC/K/4U8aVp/wDz4Wv/AH5X/CsmPxp4efWhpKapbteE7dgbjd/dz0z7V0KkGtJ0JU7c8bX11QKMXsVhpWnf8+Fr/wB+V/wpw0nTv+gfa/8Aflf8KtCnis+WPYOWPYqjSdN/6B9p/wB+V/wqtqel6fHpF66WNqrrA5VhCoIO08jitYVV1b/kC3//AF7yf+gmlKMeV6ClGPK9DkrP/jzg/wCua/yqyKr2f/HnB/1zX+VWRTj8KHH4UKOlYviOJLvSbqzlz5c8bISO2R1/CtwCq13aC4jKkVcZOLUluij59bwvcQ3Hl3Vypt0PBTJJHsD0/wA9apWc39neJbeWyJXyLhSm89cHvXs2peGkKM22vIvEenSabqhlUYUtkexr7TJs4rY3ESoYmXxRaS2V/wDNnNUpqKujs/HN7qd1aXEjX8S6cQgS3KZJb1zjg5qx4Y+IN/fGy0xbAMscYSaUPjaAMBsflSw2qa1oUMwUSJIgJUjPNUtO8HwOxhmjYruyjqSrp7AivJpYzC/VXhcXT96LdmltpZ3Sau9NbvX5WNHGXNzRZQ8ReE7R55rizkkimeRpCrn', 0, NULL, '2022-09-22 06:51:14');
INSERT INTO `sys_oper_log` VALUES (36, '获取验证码', 1, 'com.pale.backend.base.controller.LoginController.getCode()', 'POST', 1, 'admin', NULL, '/pale/getCode', '127.0.0.1', '', '', '{\"msg\":\"操作成功\",\"img\":\"/9j/4AAQSkZJRgABAgAAAQABAAD/2wBDAAgGBgcGBQgHBwcJCQgKDBQNDAsLDBkSEw8UHRofHh0aHBwgJC4nICIsIxwcKDcpLDAxNDQ0Hyc5PTgyPC4zNDL/2wBDAQkJCQwLDBgNDRgyIRwhMjIyMjIyMjIyMjIyMjIyMjIyMjIyMjIyMjIyMjIyMjIyMjIyMjIyMjIyMjIyMjIyMjL/wAARCAA8AKADASIAAhEBAxEB/8QAHwAAAQUBAQEBAQEAAAAAAAAAAAECAwQFBgcICQoL/8QAtRAAAgEDAwIEAwUFBAQAAAF9AQIDAAQRBRIhMUEGE1FhByJxFDKBkaEII0KxwRVS0fAkM2JyggkKFhcYGRolJicoKSo0NTY3ODk6Q0RFRkdISUpTVFVWV1hZWmNkZWZnaGlqc3R1dnd4eXqDhIWGh4iJipKTlJWWl5iZmqKjpKWmp6ipqrKztLW2t7i5usLDxMXGx8jJytLT1NXW19jZ2uHi4+Tl5ufo6erx8vP09fb3+Pn6/8QAHwEAAwEBAQEBAQEBAQAAAAAAAAECAwQFBgcICQoL/8QAtREAAgECBAQDBAcFBAQAAQJ3AAECAxEEBSExBhJBUQdhcRMiMoEIFEKRobHBCSMzUvAVYnLRChYkNOEl8RcYGRomJygpKjU2Nzg5OkNERUZHSElKU1RVVldYWVpjZGVmZ2hpanN0dXZ3eHl6goOEhYaHiImKkpOUlZaXmJmaoqOkpaanqKmqsrO0tba3uLm6wsPExcbHyMnK0tPU1dbX2Nna4uPk5ebn6Onq8vP09fb3+Pn6/9oADAMBAAIRAxEAPwDtrW1ga1hZoIySikkoOeKsCztv+feL/vgU2z/484P+ua/yqyKiMY8q0IjGPKtCIWdr/wA+0P8A3wKeLK1/59of+/YqUU7pT5Y9h8sexELK0/59Yf8Av2KcLG0/59YP+/YqnLr+k294LSbUbWOfONjSgGtRWB5BqpUuW3NG1/IOWPYiFhZ/8+sH/fsU4WFn/wA+kH/fsVOKcKnlj2Dlj2IRp9l/z6W//fsf4U4adZf8+dv/AN+l/wAKmBFPUg0csewcsexCNOsf+fO3/wC/S/4U4abY/wDPlb/9+l/wqwKcKOWPYOWPYrjTLD/nytv+/S/4U8aZYf8APjbf9+l/wqfIArmdT+IvhnR782V3qIEynD7ELhPrgVrRws6z5aUHJ+SuJqK3OhGl6f8A8+Nt/wB+V/wp40rT/wDnwtf+/K/4UzTtTstUtUubG5iuIW6PGwIq8KzdNRdmtR8sexWGlad/z4Wv/flf8KcNJ07/AKB9r/35X/CrQp4pcsewcsexVGk6b/0D7T/vyv8AhVbU9L0+PSL10sbVXWByrCFQQdp5HFawqrq3/IFv/wDr3k/9BNKUY8r0FKMeV6HJWf8Ax5wf9c1/lVkVXs/+POD/AK5r/KrIpx+FDj8KHCqGq3DwWUpjOJNh2n0OOK0AKzNXgaW2YD0qij58062j1bVZkv5pEkbLbh13Z967Lwt4rvvCmrxaRqUxm06QgRSH+AE4BHt6iszXvD9zBftfWQxMpyU/vVg6tqR1NIIjbNHPESCDX38K39qyS0dFq0lpenJLddbeexy29n6/mfTUEqyxh1IIIyCKzvEOoy6dot5cQf66OFnX6gZrhPAviy6u/Cs1tHsk1KyTbGspwJB/Dn+VYd38TNQmDQavpHkBuMoGUj/gLdfzr5eOT4r286cYqTg9VdJv0T3TRt7SNr9znLTUtf8AEV3Lv1qeMj5jmVgPpgV0Hg3xbqegeJk0zVLt5raVgmXfIUnoQT2rkgrWdz/aGnKZbV8gqByvsRVe+ln1KV7wRGNY1A619dKEMVOVNxiqElZaJSjPazW97mHw69T2/Ufipp+i+IJtL1CxuESPbi4iIcMCAc449ffpXVaZ4r0PVoRLZapbSgjON4Vh9VOCPxFeKy6+t/4chvLuwhvhGBH', 0, NULL, '2022-09-22 07:00:34');
INSERT INTO `sys_oper_log` VALUES (37, '登录', 1, 'com.pale.backend.base.controller.LoginController.login()', 'POST', 1, 'admin', NULL, '/pale/login', '127.0.0.1', '', '{\"code\":\"0\",\"password\":\"12345678\",\"username\":\"Crimson\",\"uuid\":\"5fbc4888a969452a880a38d7994f7cca\"}', NULL, 1, '用户不存在', '2022-09-22 07:00:56');
INSERT INTO `sys_oper_log` VALUES (38, '登录', 1, 'com.pale.backend.base.controller.LoginController.login()', 'POST', 1, 'admin', NULL, '/pale/login', '127.0.0.1', '', '{\"code\":\"0\",\"password\":\"12345678\",\"username\":\"Cimson\",\"uuid\":\"5fbc4888a969452a880a38d7994f7cca\"}', NULL, 1, '验证码错误', '2022-09-22 07:01:37');
INSERT INTO `sys_oper_log` VALUES (39, '获取验证码', 1, 'com.pale.backend.base.controller.LoginController.getCode()', 'POST', 1, 'admin', NULL, '/pale/getCode', '127.0.0.1', '', '', '{\"msg\":\"操作成功\",\"img\":\"/9j/4AAQSkZJRgABAgAAAQABAAD/2wBDAAgGBgcGBQgHBwcJCQgKDBQNDAsLDBkSEw8UHRofHh0aHBwgJC4nICIsIxwcKDcpLDAxNDQ0Hyc5PTgyPC4zNDL/2wBDAQkJCQwLDBgNDRgyIRwhMjIyMjIyMjIyMjIyMjIyMjIyMjIyMjIyMjIyMjIyMjIyMjIyMjIyMjIyMjIyMjIyMjL/wAARCAA8AKADASIAAhEBAxEB/8QAHwAAAQUBAQEBAQEAAAAAAAAAAAECAwQFBgcICQoL/8QAtRAAAgEDAwIEAwUFBAQAAAF9AQIDAAQRBRIhMUEGE1FhByJxFDKBkaEII0KxwRVS0fAkM2JyggkKFhcYGRolJicoKSo0NTY3ODk6Q0RFRkdISUpTVFVWV1hZWmNkZWZnaGlqc3R1dnd4eXqDhIWGh4iJipKTlJWWl5iZmqKjpKWmp6ipqrKztLW2t7i5usLDxMXGx8jJytLT1NXW19jZ2uHi4+Tl5ufo6erx8vP09fb3+Pn6/8QAHwEAAwEBAQEBAQEBAQAAAAAAAAECAwQFBgcICQoL/8QAtREAAgECBAQDBAcFBAQAAQJ3AAECAxEEBSExBhJBUQdhcRMiMoEIFEKRobHBCSMzUvAVYnLRChYkNOEl8RcYGRomJygpKjU2Nzg5OkNERUZHSElKU1RVVldYWVpjZGVmZ2hpanN0dXZ3eHl6goOEhYaHiImKkpOUlZaXmJmaoqOkpaanqKmqsrO0tba3uLm6wsPExcbHyMnK0tPU1dbX2Nna4uPk5ebn6Onq8vP09fb3+Pn6/9oADAMBAAIRAxEAPwDtrW1ga1hZoIySikkoOeKsCztv+feL/vgU2z/484P+ua/yqyKiMY8q0IjGPKtCIWdr/wA+0P8A3wKeLK1/59of+/YqUU4U+WPYfLHsRCytP+fWH/v2KcLG0/59YP8Av2Kiv9Ts9Ks3u764SCBB8zsf85PsKr6F4i03xDatcadP5iI21gRhlPuK0WHk4Ooo+6uttPvC0b2NAWFn/wA+sH/fsU4WFn/z6Qf9+xUd/qNrpdjLe3koit4V3O+CcD6DmrFrdQXltHcW8iyQyqHR1OQwPQ1Psvd5uXQOWPYQafZf8+lv/wB+x/hThp1l/wA+dv8A9+l/wqQzRowVnUMegJ5NRS6nY29zHbTXUSTS/cjZgGb8KSpp7IOWPYkGnWP/AD52/wD36X/CnDTbH/nyt/8Av0v+FTrzTxS5Y9g5Y9iuNMsP+fK2/wC/S/4U8aZYf8+Nt/36X/CrApdwHU0csewcsexANL0//nxtv+/K/wCFPGlaf/z4Wv8A35X/AArDbx74cj15dGOpRG7Ztny8oG/ulume2K6ZSCOK0qYeVO3PC19VdWugSi9iuNK07/nwtf8Avyv+FOGk6d/0D7X/AL8r/hVoU8Vnyx7Byx7FUaTpv/QPtP8Avyv+FVtT0vT49IvXSxtVdYHKsIVBB2nkcVrCqurf8gW//wCveT/0E0pRjyvQUox5XoclZ/8AHnB/1zX+VWRVez/484P+ua/yqyKcfhQ4/ChwqC7maG3dkxv2nbnpmrAFVryEyxECqKPD9RuNT1vWZm8RySpaW2W8oHavtj/GpvhvqUll4luEi3C1nQ5GeODlfx6/nXR+KdAe6gdCxUEgkj61yGiXI0HX/sNy2IJcbHI+6T0/DtX19DHvG4KtRhFc1tILRJLdru76230Odx5ZJmx4013Xr65nszKFtZ8+XZqASY1/iY+5Fdb4E8UX19bw2k+nLDaxW6iKZGyrY4/DpWdc+H99494ikzSAAsTngdhWh4W0GXTLm4KzN5Ep3CEjhD3xXl1sww9XB/V+RJxSs7Na9dn2tq73s/I0UGpXuc54+0nUtR11b5L4mL7ioCR5S+o9a4y3s7uPxTawx3DTTrKrCXJ475r2LWrS2uWmt1nT7Qi5aMN8y574rx24i1TQL0XbuokZ8Eg', 0, NULL, '2022-09-22 07:01:47');
INSERT INTO `sys_oper_log` VALUES (40, '登录', 1, 'com.pale.backend.base.controller.LoginController.login()', 'POST', 1, 'admin', NULL, '/pale/login', '127.0.0.1', '', '{\"code\":\"9\",\"password\":\"12345678\",\"username\":\"Cimson\",\"uuid\":\"ac44e02731e44f6bad9d7e24551a3658\"}', '{\"code\":200,\"data\":{\"access_token\":\"eyJhbGciOiJIUzUxMiJ9.eyJ1c2VyX2lkIjoxLCJ1c2VyX2tleSI6IjMyODQ2MDQ0LWVmYjktNGNhNy05NTkwLTNmZTQ1ZDIxNjM1MCIsInVzZXJuYW1lIjoiQ2ltc29uIn0.4op_GQI6wEHldVQK9Ntt9PCdae2M8JXmakn__-56tUiUpssc1Vt2yxuvXIKrzlbsYv1qUPdKOP4its-krJKCWw\",\"menu\":[],\"expires_in\":720}}', 0, NULL, '2022-09-22 07:02:11');
INSERT INTO `sys_oper_log` VALUES (41, '获取验证码', 1, 'com.pale.backend.base.controller.LoginController.getCode()', 'POST', 1, 'admin', NULL, '/pale/getCode', '127.0.0.1', '', '', '{\"msg\":\"操作成功\",\"img\":\"/9j/4AAQSkZJRgABAgAAAQABAAD/2wBDAAgGBgcGBQgHBwcJCQgKDBQNDAsLDBkSEw8UHRofHh0aHBwgJC4nICIsIxwcKDcpLDAxNDQ0Hyc5PTgyPC4zNDL/2wBDAQkJCQwLDBgNDRgyIRwhMjIyMjIyMjIyMjIyMjIyMjIyMjIyMjIyMjIyMjIyMjIyMjIyMjIyMjIyMjIyMjIyMjL/wAARCAA8AKADASIAAhEBAxEB/8QAHwAAAQUBAQEBAQEAAAAAAAAAAAECAwQFBgcICQoL/8QAtRAAAgEDAwIEAwUFBAQAAAF9AQIDAAQRBRIhMUEGE1FhByJxFDKBkaEII0KxwRVS0fAkM2JyggkKFhcYGRolJicoKSo0NTY3ODk6Q0RFRkdISUpTVFVWV1hZWmNkZWZnaGlqc3R1dnd4eXqDhIWGh4iJipKTlJWWl5iZmqKjpKWmp6ipqrKztLW2t7i5usLDxMXGx8jJytLT1NXW19jZ2uHi4+Tl5ufo6erx8vP09fb3+Pn6/8QAHwEAAwEBAQEBAQEBAQAAAAAAAAECAwQFBgcICQoL/8QAtREAAgECBAQDBAcFBAQAAQJ3AAECAxEEBSExBhJBUQdhcRMiMoEIFEKRobHBCSMzUvAVYnLRChYkNOEl8RcYGRomJygpKjU2Nzg5OkNERUZHSElKU1RVVldYWVpjZGVmZ2hpanN0dXZ3eHl6goOEhYaHiImKkpOUlZaXmJmaoqOkpaanqKmqsrO0tba3uLm6wsPExcbHyMnK0tPU1dbX2Nna4uPk5ebn6Onq8vP09fb3+Pn6/9oADAMBAAIRAxEAPwDtrW1ga1hZoIySikkoOeKsCztv+feL/vgU2z/484P+ua/yqyKiMY8q0IjGPKtCIWdr/wA+0P8A3wKeLK1/59of+/YqUU4cU+WPYfLHsRCytP8An1h/79inCxtP+fWD/v2KpXPiDSLG/Wyu9Rt4LllDBJXC5B+vFaUU0cqB43VlPIKnINXKi4pOUbX8g5Y9hosLP/n1g/79inCws/8An0g/79iotR1Oz0iwlvr6YRW0QBd8E4ycDgc9SKmsL2DULKG7t2LQzIHQlSpKnkHB5o9i+Xn5dNr20uHLHsOGn2X/AD6W/wD37H+FOGnWX/Pnb/8Afpf8Km3AVFFqFnLOYI7qF5R1RZASPwqVBPZByx7Dhp1j/wA+dv8A9+l/wpw02x/58rf/AL9L/hVgU4UuWPYOWPYrjTLD/nytv+/S/wCFPGmWH/Pjbf8Afpf8KsCqeo61pukIr6hewWytwvmuAW+g71UaXO+WMbsOWPYmGl6f/wA+Nt/35X/CnjStP/58LX/vyv8AhUWn6xpuqR+ZYX1vcr3MMobH1x0rQFKVNRdmrMOWPYrDStO/58LX/vyv+FOGk6d/0D7X/vyv+FWhTxS5Y9g5Y9iqNJ03/oH2n/flf8Kranpenx6Reuljaq6wOVYQqCDtPI4rWFVdW/5At/8A9e8n/oJpSjHlegpRjyvQ5Kz/AOPOD/rmv8qsiq9n/wAecH/XNf5VZFOPwocfhQ4VDdTCGJmJxgVOKzNZBNo4HcVRR4Drd22veKbqaWYIHkIDN0UDgCum8CaPPpniGLUGngkgRGA2Mc5Ix0x9a5280FV1GREuQ6liTyNwqXTr+68LanGJGMlnJ1Ht6j0Ir72viVjaH1XAVV8FuRxte29n3t0OVR5XzSR0PjTXdfuWm0+cwG2uHzFAgywUHIzXQfD/AFbUbgm4uNVWe3WMRfZQm3ySOnFV59ChvrxdSgBd5EG18kgqemK1dJ0BLAyzxwqksg+dgOtfO1syoywn1aNNJ23st+ve2iWqd21rubKD5r3OJ8aeI9T1zxTLpAvHt7JJPLCKcKfc+tYNmsuieLLRbO4Z2SVNrjjIJ9K0PHUcUGsLIu5bojJK9Mdj9axYJLzT7qPUpI1lKkH5u1fU4GpfB01TtGMoOKi7Jynte/V', 0, NULL, '2022-09-22 07:06:34');
INSERT INTO `sys_oper_log` VALUES (42, '获取验证码', 1, 'com.pale.backend.base.controller.LoginController.getCode()', 'POST', 1, 'admin', NULL, '/pale/getCode', '127.0.0.1', '', '', '{\"msg\":\"操作成功\",\"img\":\"/9j/4AAQSkZJRgABAgAAAQABAAD/2wBDAAgGBgcGBQgHBwcJCQgKDBQNDAsLDBkSEw8UHRofHh0aHBwgJC4nICIsIxwcKDcpLDAxNDQ0Hyc5PTgyPC4zNDL/2wBDAQkJCQwLDBgNDRgyIRwhMjIyMjIyMjIyMjIyMjIyMjIyMjIyMjIyMjIyMjIyMjIyMjIyMjIyMjIyMjIyMjIyMjL/wAARCAA8AKADASIAAhEBAxEB/8QAHwAAAQUBAQEBAQEAAAAAAAAAAAECAwQFBgcICQoL/8QAtRAAAgEDAwIEAwUFBAQAAAF9AQIDAAQRBRIhMUEGE1FhByJxFDKBkaEII0KxwRVS0fAkM2JyggkKFhcYGRolJicoKSo0NTY3ODk6Q0RFRkdISUpTVFVWV1hZWmNkZWZnaGlqc3R1dnd4eXqDhIWGh4iJipKTlJWWl5iZmqKjpKWmp6ipqrKztLW2t7i5usLDxMXGx8jJytLT1NXW19jZ2uHi4+Tl5ufo6erx8vP09fb3+Pn6/8QAHwEAAwEBAQEBAQEBAQAAAAAAAAECAwQFBgcICQoL/8QAtREAAgECBAQDBAcFBAQAAQJ3AAECAxEEBSExBhJBUQdhcRMiMoEIFEKRobHBCSMzUvAVYnLRChYkNOEl8RcYGRomJygpKjU2Nzg5OkNERUZHSElKU1RVVldYWVpjZGVmZ2hpanN0dXZ3eHl6goOEhYaHiImKkpOUlZaXmJmaoqOkpaanqKmqsrO0tba3uLm6wsPExcbHyMnK0tPU1dbX2Nna4uPk5ebn6Onq8vP09fb3+Pn6/9oADAMBAAIRAxEAPwDtrW1ga1hZoIySikkoOeKsCztv+feL/vgU2z/484P+ua/yqyKiMY8q0IjGPKtCIWdr/wA+0P8A3wKeLK1/59of+/YqUU4U+WPYfLHsRCytP+fWH/v2KcLG0/59YP8Av2KivtTstLtzcX1zFbxD+KRsfl61W0bxLpOveZ/Zt4k5j+8ACCPfB5xWiw8nB1FD3V1tp94WjsaIsLP/AJ9YP+/YpwsLP/n0g/79ipGkSNC7sFUDJJOABT4pEljWSN1dGAKspyCD3BrPkj2Dlj2Ixp9l/wA+lv8A9+x/hThp1l/z52//AH6X/CpsgUxby2afyBPGZv8AnnvG78qfIn0Dlj2AadY/8+dv/wB+l/wpw02x/wCfK3/79L/hVgU4UuWPYOWPYrjTLD/nytv+/S/4U8aZYf8APjbf9+l/wqwKUuqAliAB1Jo5Y9g5Y9iAaXp//Pjbf9+V/wAKeNK0/wD58LX/AL8r/hWK/jrwzHqC2J1m1NwTtwr5GfTcOM+2a6RGDDg1pPDyp2c4WvtdbglF7FcaVp3/AD4Wv/flf8KcNJ07/oH2v/flf8KtCnis+WPYOWPYqjSdN/6B9p/35X/Cq2p6Xp8ekXrpY2qusDlWEKgg7TyOK1hVXVv+QLf/APXvJ/6CaUox5XoKUY8r0OSs/wDjzg/65r/KrIqvZ/8AHnB/1zX+VWRTj8KHH4UOFQXlz9mt3kwSVUnA71YAqnfwtJCQKoo8LnvrrxZr00mrTTfZo8skIJAAzwAKZ4Xvf7F8cxfZmIhaQxEZ6qa7XxDZLp9lcXUgAVFLfj2rgvDNhLeamLxs4Vs59TX2mGzD2+FxFWa5KKjyqPTmfbRanM4Wkl1Or8b+KNQu9Nn0y/04xwmdWhmjfIdQehroPAut32pTPeT6jCbdYhFHYxj/AFQHQnnrxWHqugTX95bXDyOVi58s9DXReGvD8VpNJPHbqksowzAcmvHq47CvAqhCFp76apPRPfa6Sd16dzRRlzXOW8dy+Ir3XzGLmVNPchU8pjtA/wBoCuXsYrnSPFtnFaXLSyCVCGHGcnnivX9Z0NpULc15RqGkajo95PqFvP8AOjFhxkhfx9q9HKM2c4/VZ8sVy8qVtJSeiu9fmTUp29490ufGOkaVcW1vqV0LZrhS0bu', 0, NULL, '2022-09-22 07:06:52');
INSERT INTO `sys_oper_log` VALUES (43, '登录', 1, 'com.pale.backend.base.controller.LoginController.login()', 'POST', 1, 'admin', NULL, '/pale/login', '127.0.0.1', '', '{\"code\":\"6\",\"password\":\"12345678\",\"username\":\"Cimson\",\"uuid\":\"d2b53375ba734677a8264e4661a25c5f\"}', '{\"code\":200,\"data\":{\"access_token\":\"eyJhbGciOiJIUzUxMiJ9.eyJ1c2VyX2lkIjoxLCJ1c2VyX2tleSI6IjY4ZjU0YzY4LWRmNDItNGU3Ny1hMmEzLTljMWJlMzAzYWNlMiIsInVzZXJuYW1lIjoiQ2ltc29uIn0.Ha0d50HrQdlA7v8RbhdHAfW5Sdh7_3uN9DBaZ6PBHI8XftyxJp5RQn4C-0oIj1L36rpAt5qYgbaRst-DQJjjzw\",\"menu\":[],\"expires_in\":720}}', 0, NULL, '2022-09-22 07:07:01');
INSERT INTO `sys_oper_log` VALUES (44, '获取验证码', 1, 'com.pale.backend.base.controller.LoginController.getCode()', 'POST', 1, 'admin', NULL, '/pale/getCode', '127.0.0.1', '', '', '{\"msg\":\"操作成功\",\"img\":\"/9j/4AAQSkZJRgABAgAAAQABAAD/2wBDAAgGBgcGBQgHBwcJCQgKDBQNDAsLDBkSEw8UHRofHh0aHBwgJC4nICIsIxwcKDcpLDAxNDQ0Hyc5PTgyPC4zNDL/2wBDAQkJCQwLDBgNDRgyIRwhMjIyMjIyMjIyMjIyMjIyMjIyMjIyMjIyMjIyMjIyMjIyMjIyMjIyMjIyMjIyMjIyMjL/wAARCAA8AKADASIAAhEBAxEB/8QAHwAAAQUBAQEBAQEAAAAAAAAAAAECAwQFBgcICQoL/8QAtRAAAgEDAwIEAwUFBAQAAAF9AQIDAAQRBRIhMUEGE1FhByJxFDKBkaEII0KxwRVS0fAkM2JyggkKFhcYGRolJicoKSo0NTY3ODk6Q0RFRkdISUpTVFVWV1hZWmNkZWZnaGlqc3R1dnd4eXqDhIWGh4iJipKTlJWWl5iZmqKjpKWmp6ipqrKztLW2t7i5usLDxMXGx8jJytLT1NXW19jZ2uHi4+Tl5ufo6erx8vP09fb3+Pn6/8QAHwEAAwEBAQEBAQEBAQAAAAAAAAECAwQFBgcICQoL/8QAtREAAgECBAQDBAcFBAQAAQJ3AAECAxEEBSExBhJBUQdhcRMiMoEIFEKRobHBCSMzUvAVYnLRChYkNOEl8RcYGRomJygpKjU2Nzg5OkNERUZHSElKU1RVVldYWVpjZGVmZ2hpanN0dXZ3eHl6goOEhYaHiImKkpOUlZaXmJmaoqOkpaanqKmqsrO0tba3uLm6wsPExcbHyMnK0tPU1dbX2Nna4uPk5ebn6Onq8vP09fb3+Pn6/9oADAMBAAIRAxEAPwDtrW1ga1hZoIySikkoOeKsCztv+feL/vgU2z/484P+ua/yqyKiMY8q0IjGPKtCIWdr/wA+0P8A3wKeLK1/59of+/YqUU4cU+WPYfLHsRCytP8An1h/79inCxtP+fWD/v2KqT69pVpdC2uNRtYpj/A8oB/WtKN0kUMjBlPIIOQaqVLlSbja/kHLHsRiws/+fWD/AL9inCws/wDn0g/79ipxThU8sewcsexCNPsv+fS3/wC/Y/wpw06y/wCfO3/79L/hU+QKZDdW87usM0cjRnDhGBKn39KORdg5Y9hBp1j/AM+dv/36X/CnDTbH/nyt/wDv0v8AhVgU4UcsewcsexXGmWH/AD5W3/fpf8KeNMsP+fG2/wC/S/4VY6Vj6p4u0HRJxBqOpwQSnnYSSfyGaunQdSXLCN35K4OMVujSGl6f/wA+Nt/35X/CnjStP/58LX/vyv8AhUenatp+qQCawvILmM/xQyBh+nSr4qZU1F2a1Dlj2Kw0rTv+fC1/78r/AIU4aTp3/QPtf+/K/wCFWhTxS5Y9g5Y9iqNJ03/oH2n/AH5X/Cq2p6Xp8ekXrpY2qusDlWEKgg7TyOK1hVXVv+QLf/8AXvJ/6CaUox5XoKUY8r0OSs/+POD/AK5r/KrIqvZ/8ecH/XNf5VZFOPwocfhQ4VWvJ/JhZvarQqnqEJlt2A9Koo+e5rZbrxVdQalNIpeVvnB5znjrXYeEtW13w5rCaeUn1DS5CMFQW8seo9PcVn+L9BkNw11CCJ09P4h/jXPaXf6zcXwjtdQaCQDI3OQOPbmvu44h5lhefmjyKNpRl9lraStqr/8AAOW3JI+l4XDqCKm7V5D4f+ImoaPfx6b4mjXy3xsukGMD1OOCPcYxXR678Rf+Ec1NIL7S5JLKUbobu3lDbx3G0gYI+vpXy08pxUaqpRSlzK6aatJeXf038jdVI2uP+JmrSWXhO6jiba82IyR6E81wHwo8RppOtzadO22K+27Ce0gzgfiCfxAq3408XaR4k0eSOyuG83hxHIhU8fofzrgQIX09JPOEdzEfl55Yf4+9fSZbhUstnhcTBxc5W2d1peLt2ujGcvf5kz6X1vxPZeHbGO9vo5zbM4RpIk3CPPQsM5x2yAaZZeOfDF9H5kOt2QHpLKI2/Js', 0, NULL, '2022-09-22 07:08:55');
INSERT INTO `sys_oper_log` VALUES (45, '登录', 1, 'com.pale.backend.base.controller.LoginController.login()', 'POST', 1, 'admin', NULL, '/pale/login', '127.0.0.1', '', '{\"code\":\"2\",\"password\":\"12345678\",\"username\":\"Cimson\",\"uuid\":\"9a483c477bbf4a5e965a9bd935cfb835\"}', '{\"code\":200,\"data\":{\"access_token\":\"eyJhbGciOiJIUzUxMiJ9.eyJ1c2VyX2lkIjoxLCJ1c2VyX2tleSI6IjNjZDg2YmZlLTU4MDUtNDAxMS05NTQwLWIyODJhZTExM2FjMCIsInVzZXJuYW1lIjoiQ2ltc29uIn0.k6bPZeG4x0Qr2Gby-IFW1xTCB0jdwIsh8OZ4DhxYu0nXO951ayMVyV76x4-Jo_8RRUe5N2QvFIGk5_wRtP8R_A\",\"menu\":[],\"expires_in\":720}}', 0, NULL, '2022-09-22 07:09:10');
INSERT INTO `sys_oper_log` VALUES (46, '获取验证码', 1, 'com.pale.backend.base.controller.LoginController.getCode()', 'POST', 1, 'admin', NULL, '/pale/getCode', '127.0.0.1', '', '', '{\"msg\":\"操作成功\",\"img\":\"/9j/4AAQSkZJRgABAgAAAQABAAD/2wBDAAgGBgcGBQgHBwcJCQgKDBQNDAsLDBkSEw8UHRofHh0aHBwgJC4nICIsIxwcKDcpLDAxNDQ0Hyc5PTgyPC4zNDL/2wBDAQkJCQwLDBgNDRgyIRwhMjIyMjIyMjIyMjIyMjIyMjIyMjIyMjIyMjIyMjIyMjIyMjIyMjIyMjIyMjIyMjIyMjL/wAARCAA8AKADASIAAhEBAxEB/8QAHwAAAQUBAQEBAQEAAAAAAAAAAAECAwQFBgcICQoL/8QAtRAAAgEDAwIEAwUFBAQAAAF9AQIDAAQRBRIhMUEGE1FhByJxFDKBkaEII0KxwRVS0fAkM2JyggkKFhcYGRolJicoKSo0NTY3ODk6Q0RFRkdISUpTVFVWV1hZWmNkZWZnaGlqc3R1dnd4eXqDhIWGh4iJipKTlJWWl5iZmqKjpKWmp6ipqrKztLW2t7i5usLDxMXGx8jJytLT1NXW19jZ2uHi4+Tl5ufo6erx8vP09fb3+Pn6/8QAHwEAAwEBAQEBAQEBAQAAAAAAAAECAwQFBgcICQoL/8QAtREAAgECBAQDBAcFBAQAAQJ3AAECAxEEBSExBhJBUQdhcRMiMoEIFEKRobHBCSMzUvAVYnLRChYkNOEl8RcYGRomJygpKjU2Nzg5OkNERUZHSElKU1RVVldYWVpjZGVmZ2hpanN0dXZ3eHl6goOEhYaHiImKkpOUlZaXmJmaoqOkpaanqKmqsrO0tba3uLm6wsPExcbHyMnK0tPU1dbX2Nna4uPk5ebn6Onq8vP09fb3+Pn6/9oADAMBAAIRAxEAPwDtrW1ga1hZoIySikkoOeKsCztv+feL/vgU2z/484P+ua/yqyKiMY8q0IjGPKtCIWdr/wA+0P8A3wKeLK1/59of+/YqUU4cU+WPYfLHsRCytP8An1h/79inCxtP+fWD/v2KrTa3pltdi1nv7aOc/wDLN5ADWipBqnS5bNx38g5Y9iIWFn/z6wf9+xThYWf/AD6Qf9+xU4pwqeWPYOWPYhGn2X/Ppb/9+x/hThp1l/z52/8A36X/AAqYEU9SD0NHLHsHLHsQjTrH/nzt/wDv0v8AhThptj/z5W//AH6X/CrApwo5Y9g5Y9iuNMsP+fK2/wC/S/4U8aZYf8+Nt/36X/Cp8gVzWq/EPw1ot+bK81FROpw6xoX2fXA/TrWtHCzrS5aUHJ+SuJqK3OgGl6f/AM+Nt/35X/CnjStP/wCfC1/78r/hTNO1Sy1W1S6sLqK4gbo8bAj/AOsfarwrN01F2a1Hyx7FYaVp3/Pha/8Aflf8KcNJ07/oH2v/AH5X/CrQp4pcsewcsexVGk6b/wBA+0/78r/hVbU9L0+PSL10sbVXWByrCFQQdp5HFawqrq3/ACBb/wD695P/AEE0pRjyvQUox5XoclZ/8ecH/XNf5VZFV7P/AI84P+ua/wAqsinH4UOPwocKzdavXstMuZY/9YkTMv1A4rTArH1yFpLVgO4q07Mo8E0y1TXNRuXv7iRZGy5ccksT712XgrxTe6Dra6DqE3m2jnbE5/h9MexrntU0q50jUnvbNNyZJeP0z1/CsTUNRe8vUu40MTIABznGPev0KKebSkotOjKOm14SX4/ozk/h+v5n1JE4dQRWfruqjSNIubzGTFGWA9T2rjrrxte2nhCz1PTbJbuabYrIcnZkHJwOTyMVx+pfEDVdRtZdO1rTEtluEMYdVdNueMkNnNfI4XKsRV9+yaT1V1fTfS9zolUS0MxfEHijxPczMNYlgjHO1ZSi49Pl61o/D/xLf6b4rWyvLqSSKXMZDvnnt1rnfC+TqEto3ys65A9x2/z6UarHLpPiSG5H99ZF+oIyP0/WvrK3JUxVbLlCKi4XhZLe19/v+451dRU7nrNz8XbDTdfudNvtOnSKGQp58Th8++3AwPxNdtpPiXR9agEun6hBOpGSFfDD6qeR+IrxPxD', 0, NULL, '2022-09-22 07:09:25');
INSERT INTO `sys_oper_log` VALUES (47, '获取验证码', 1, 'com.pale.backend.base.controller.LoginController.getCode()', 'POST', 1, 'admin', NULL, '/pale/getCode', '127.0.0.1', '', '', '{\"msg\":\"操作成功\",\"img\":\"/9j/4AAQSkZJRgABAgAAAQABAAD/2wBDAAgGBgcGBQgHBwcJCQgKDBQNDAsLDBkSEw8UHRofHh0aHBwgJC4nICIsIxwcKDcpLDAxNDQ0Hyc5PTgyPC4zNDL/2wBDAQkJCQwLDBgNDRgyIRwhMjIyMjIyMjIyMjIyMjIyMjIyMjIyMjIyMjIyMjIyMjIyMjIyMjIyMjIyMjIyMjIyMjL/wAARCAA8AKADASIAAhEBAxEB/8QAHwAAAQUBAQEBAQEAAAAAAAAAAAECAwQFBgcICQoL/8QAtRAAAgEDAwIEAwUFBAQAAAF9AQIDAAQRBRIhMUEGE1FhByJxFDKBkaEII0KxwRVS0fAkM2JyggkKFhcYGRolJicoKSo0NTY3ODk6Q0RFRkdISUpTVFVWV1hZWmNkZWZnaGlqc3R1dnd4eXqDhIWGh4iJipKTlJWWl5iZmqKjpKWmp6ipqrKztLW2t7i5usLDxMXGx8jJytLT1NXW19jZ2uHi4+Tl5ufo6erx8vP09fb3+Pn6/8QAHwEAAwEBAQEBAQEBAQAAAAAAAAECAwQFBgcICQoL/8QAtREAAgECBAQDBAcFBAQAAQJ3AAECAxEEBSExBhJBUQdhcRMiMoEIFEKRobHBCSMzUvAVYnLRChYkNOEl8RcYGRomJygpKjU2Nzg5OkNERUZHSElKU1RVVldYWVpjZGVmZ2hpanN0dXZ3eHl6goOEhYaHiImKkpOUlZaXmJmaoqOkpaanqKmqsrO0tba3uLm6wsPExcbHyMnK0tPU1dbX2Nna4uPk5ebn6Onq8vP09fb3+Pn6/9oADAMBAAIRAxEAPwDtrW1ga1hZoIySikkoOeKsCztv+feL/vgU2z/484P+ua/yqyKiMY8q0IjGPKtCIWdr/wA+0P8A3wKeLK1/59of+/YqUU4U+WPYfLHsRCytP+fWH/v2KcLG0/59YP8Av2Kju9Rs9Ph827uYoI+m6RgM/T1qe1uoLyBZ7eVZYm5V1OQar2WnNbQOWPYBYWf/AD6wf9+xThYWf/PpB/37FTinCp5Y9g5Y9iEafZf8+lv/AN+x/hThp1l/z52//fpf8KnzisvU/E+jaNKkV/qEEMr/AHYy2W/LsPc1cKLqS5YRu/JA4xXQ0Bp1j/z52/8A36X/AApw02x/58rf/v0v+FSQzRzxLJGwZGGVYdxUwqOSPYOWPYrjTLD/AJ8rb/v0v+FPGmWH/Pjbf9+l/wAKsCnZAo5Y9g5Y9iuNL0//AJ8bb/vyv+FPGlaf/wA+Fr/35X/Cub1f4keGdEvvsdzfb5wcOsKlwn1PT8M5rprC/tdStIrq0mSaCVdyOhyCK2qYSpTgpzg0ns2tGJKD0QDStO/58LX/AL8r/hThpOnf9A+1/wC/K/4VaFPFY8sew+WPYqjSdN/6B9p/35X/AAqtqel6fHpF66WNqrrA5VhCoIO08jitYVV1b/kC3/8A17yf+gmlKMeV6ClGPK9DkrP/AI84P+ua/wAqsiq9n/x5wf8AXNf5VZFOPwocfhQvQVwfxI8S32i6bCmnyGKSdyrSDqoHpXeMPlNeZfEloV08rcBirN8uOzV6OV8v1ynzx5ldadwn8LPOL+G5uLBNSvL555pCMK5JIB969a+F08sfhiKGUn77MgPZT/k141Gl3dQBF+aJDwDXc+FNZk1TRL7Slk+z3ghPkyISuPQ8cjBx0r6zO4VamDdJyi1Gd3b7MXpFNfPU56dlK56P438T3Hhvw+15ZpE9wZFjUSAkDOecAj0qXwr4gFz4Z0+51O9i+1ToXZnZU3Ek8AfpXjGval4onsTYasxmhjIbzMKScdDuHX+dVdF0KHV7cyzXkisDsChc4x9TXm/2VhaeA5q1WKtL4o+9o1otLW6vUvnk5aI9L+Injq90y4j0nSm2XEijfL3XPQCvPrjw1JPNC8+oh7iY7pnlPQ+g7k1B4rMsWqWkrMXKQIm4jGSvGf5VUnsbu6s', 0, NULL, '2022-09-22 07:09:30');
INSERT INTO `sys_oper_log` VALUES (48, '登录', 1, 'com.pale.backend.base.controller.LoginController.login()', 'POST', 1, 'admin', NULL, '/pale/login', '127.0.0.1', '', '{\"code\":\"14\",\"password\":\"12345678\",\"username\":\"Cimson\",\"uuid\":\"70c9da027d4444c4b185cd764507c318\"}', '{\"code\":200,\"data\":{\"access_token\":\"eyJhbGciOiJIUzUxMiJ9.eyJ1c2VyX2lkIjoxLCJ1c2VyX2tleSI6ImZlNzQ3MzUzLTI4ZDQtNGRlNS04N2RhLTU3NDI4ZTk1Y2MzZCIsInVzZXJuYW1lIjoiQ2ltc29uIn0.cW_QrVSuQkC446V_9vGIopPd_EVeGT2nikxaM3fzNnOwYelJUGsg5ex6ieEdNeHq9oLHfvhIbfcCPjzYUyd12w\",\"menu\":[],\"expires_in\":720}}', 0, NULL, '2022-09-22 07:09:39');
INSERT INTO `sys_oper_log` VALUES (49, '获取验证码', 1, 'com.pale.backend.base.controller.LoginController.getCode()', 'POST', 1, 'admin', NULL, '/pale/getCode', '127.0.0.1', '', '', '{\"msg\":\"操作成功\",\"img\":\"/9j/4AAQSkZJRgABAgAAAQABAAD/2wBDAAgGBgcGBQgHBwcJCQgKDBQNDAsLDBkSEw8UHRofHh0aHBwgJC4nICIsIxwcKDcpLDAxNDQ0Hyc5PTgyPC4zNDL/2wBDAQkJCQwLDBgNDRgyIRwhMjIyMjIyMjIyMjIyMjIyMjIyMjIyMjIyMjIyMjIyMjIyMjIyMjIyMjIyMjIyMjIyMjL/wAARCAA8AKADASIAAhEBAxEB/8QAHwAAAQUBAQEBAQEAAAAAAAAAAAECAwQFBgcICQoL/8QAtRAAAgEDAwIEAwUFBAQAAAF9AQIDAAQRBRIhMUEGE1FhByJxFDKBkaEII0KxwRVS0fAkM2JyggkKFhcYGRolJicoKSo0NTY3ODk6Q0RFRkdISUpTVFVWV1hZWmNkZWZnaGlqc3R1dnd4eXqDhIWGh4iJipKTlJWWl5iZmqKjpKWmp6ipqrKztLW2t7i5usLDxMXGx8jJytLT1NXW19jZ2uHi4+Tl5ufo6erx8vP09fb3+Pn6/8QAHwEAAwEBAQEBAQEBAQAAAAAAAAECAwQFBgcICQoL/8QAtREAAgECBAQDBAcFBAQAAQJ3AAECAxEEBSExBhJBUQdhcRMiMoEIFEKRobHBCSMzUvAVYnLRChYkNOEl8RcYGRomJygpKjU2Nzg5OkNERUZHSElKU1RVVldYWVpjZGVmZ2hpanN0dXZ3eHl6goOEhYaHiImKkpOUlZaXmJmaoqOkpaanqKmqsrO0tba3uLm6wsPExcbHyMnK0tPU1dbX2Nna4uPk5ebn6Onq8vP09fb3+Pn6/9oADAMBAAIRAxEAPwDtrW1ga1hZoIySikkoOeKsCztv+feL/vgU2z/484P+ua/yqyKiMY8q0IjGPKtCIWdr/wA+0P8A3wKeLK1/59of+/YqUVBe30GnWM95cNthgjaRyOTgDJqlTTdktR8sexILK0/59Yf+/YpwsbT/AJ9YP+/YrndL+IHhvVJBHFqKRSnolwDHn8TwfzrqEkVgCpBB6EVpWws6MuWrBxfmrCSi9hgsLP8A59YP+/YpwsLP/n0g/wC/Yqtq2sWeh6bLf30hSCLG4qNx5OAAB7mrNjexX9lBdxBhHNGsihxg4IyMjtU+xfJz8um17aXHyx2sPGn2X/Ppb/8Afsf4U4adZf8APnb/APfpf8KkWVGGVYEeoNZOr+L9B0LI1DUoYpB/yyB3v/3yMminQdSXJTjd9krg4xW6NUadY/8APnb/APfpf8KcNNsf+fK3/wC/S/4Umn3sWoWNveQ7vKnjWRNwwdpGRkduDVsVLppOzQcsexXGmWH/AD5W3/fpf8KeNMsP+fG2/wC/S/4VYHFZmqeJdH0MoNS1CC3Z/uq7cn8OtVCi6kuWEbvyQOMV0Lo0vT/+fG2/78r/AIU8aVp//Pha/wDflf8ACo9O1bT9VtxPYXkFzF/eicMB9cdDV8VMqai7Nahyx7FYaVp3/Pha/wDflf8ACnDSdO/6B9r/AN+V/wAKtCnilyx7Byx7FUaTpv8A0D7T/vyv+FVtT0vT49IvXSxtVdYHKsIVBB2nkcVrCqurf8gW/wD+veT/ANBNKUY8r0FKMeV6HJWf/HnB/wBc1/lVkVXs/wDjzg/65r/KrIpx+FDj8KFHSsPxJbre6ZPaShjFKu1gpwcVvAVFPbrMhBFXGTi01uijwbVfC1lDuMEssOP7/wAy/wCNQeC3ul8TWuy4c29u/mMA52kD2ru/H9gtvo1xJGPmA5+lcf4CtftE05X7wIBr67DY/EzyivVrS5/sq/S+7vv1OdxXtEkaPjPW9evZHsZng+zzy5ggUAttHQk1teA9WvXeW4n1V5gEEb2rrjyiOmKnvPDAmvVu/LJmC7QxJ4Famj+G44Jmn8lRM4wzgckV5VXM6U8IsNGCWm6S369+iWu90aKD5r3PMtS8P6zaX1w0V4pjlkZyUlZc5OeRWTY6T5+uw2UsocZ', 0, NULL, '2022-09-22 07:09:46');
INSERT INTO `sys_oper_log` VALUES (50, '获取验证码', 1, 'com.pale.backend.base.controller.LoginController.getCode()', 'POST', 1, 'admin', NULL, '/pale/getCode', '127.0.0.1', '', '', '{\"msg\":\"操作成功\",\"img\":\"/9j/4AAQSkZJRgABAgAAAQABAAD/2wBDAAgGBgcGBQgHBwcJCQgKDBQNDAsLDBkSEw8UHRofHh0aHBwgJC4nICIsIxwcKDcpLDAxNDQ0Hyc5PTgyPC4zNDL/2wBDAQkJCQwLDBgNDRgyIRwhMjIyMjIyMjIyMjIyMjIyMjIyMjIyMjIyMjIyMjIyMjIyMjIyMjIyMjIyMjIyMjIyMjL/wAARCAA8AKADASIAAhEBAxEB/8QAHwAAAQUBAQEBAQEAAAAAAAAAAAECAwQFBgcICQoL/8QAtRAAAgEDAwIEAwUFBAQAAAF9AQIDAAQRBRIhMUEGE1FhByJxFDKBkaEII0KxwRVS0fAkM2JyggkKFhcYGRolJicoKSo0NTY3ODk6Q0RFRkdISUpTVFVWV1hZWmNkZWZnaGlqc3R1dnd4eXqDhIWGh4iJipKTlJWWl5iZmqKjpKWmp6ipqrKztLW2t7i5usLDxMXGx8jJytLT1NXW19jZ2uHi4+Tl5ufo6erx8vP09fb3+Pn6/8QAHwEAAwEBAQEBAQEBAQAAAAAAAAECAwQFBgcICQoL/8QAtREAAgECBAQDBAcFBAQAAQJ3AAECAxEEBSExBhJBUQdhcRMiMoEIFEKRobHBCSMzUvAVYnLRChYkNOEl8RcYGRomJygpKjU2Nzg5OkNERUZHSElKU1RVVldYWVpjZGVmZ2hpanN0dXZ3eHl6goOEhYaHiImKkpOUlZaXmJmaoqOkpaanqKmqsrO0tba3uLm6wsPExcbHyMnK0tPU1dbX2Nna4uPk5ebn6Onq8vP09fb3+Pn6/9oADAMBAAIRAxEAPwDtrW1ga1hZoIySikkoOeKsCztv+feL/vgU2z/484P+ua/yqyKiMY8q0IjGPKtCIWdr/wA+0P8A3wKeLK1/59of+/YqUVDd3ttYWz3N1MsUMYyzseBVKmm7JD5Y9h4srT/n1h/79inCxtP+fWD/AL9isPSvHHh/WLv7La36+fn5UdSu76E8GukUg1pVw06MuWrDlfmrAlF7EQsLP/n1g/79inCws/8An0g/79iphTxWXLHsHLHsQjT7L/n0t/8Av2P8KcNOsv8Anzt/+/S/4VNuArG1jxfoWgAjUdRijk/55L87n/gIya0p0HVlyU43fZK4OMVujWGnWP8Az52//fpf8KcNNsf+fK3/AO/S/wCFZ/h3xJY+JtPa+sBKIRIY8yrtJIxyB6c1tClOi6cnCcbNdAUYvoVxplh/z5W3/fpf8KeNMsP+fG2/79L/AIVYFV73UrLTYfOvbqG3j6bpXCj9amNNSdktQ5Y9hw0vT/8Anxtv+/K/4U8aVp//AD4Wv/flf8KbY6nY6jF5tldw3CdC0Thsexx0q6vNDppOzQcsexWGlad/z4Wv/flf8KcNJ07/AKB9r/35X/CrQp4pcsewcsexVGk6b/0D7T/vyv8AhVbU9L0+PSL10sbVXWByrCFQQdp5HFawqrq3/IFv/wDr3k/9BNKUY8r0FKMeV6HJWf8Ax5wf9c1/lVkVXs/+POD/AK5r/KrIpx+FDj8KFPArzP4qy3M2kQxwk+UsuZVHcY4NemEZWuM8X2bvZysgy204HvXZgcQ8NiIVkr8rvqEldWPIjDZnQYru1zHewMC7Kxyef8mvZvAHiZte0FGuGzcwnypT/eIAwfxrwRVklmdQdrHqOma7fwFrlroM81teu0Ek7DBb7p9Oa+0zvCKphpw5ueonzJbtRe680u5z05WlfZHefE27nXwlP9mnkidJEZjG5Ulc4I47c/pVr4f61Fd+D7FPNDSxRlJAWywIJHNebeI9Fvr7U57q71V57cuWgBJYhTyB6D8K5ixtbiPVvIhvDa3I/wBVKGK5PbkcjNeXhsFhMRgXh1WXPH32+V6K1mu7tu30LcpKV7Hd+PrDWbrxHLeWNy6W8saqyrOU5AxyK4K90xrPy1lnWSeVvuryB7kmvSfD0Or38M1rrUb', 0, NULL, '2022-09-26 05:54:27');
INSERT INTO `sys_oper_log` VALUES (51, '获取验证码', 1, 'com.pale.backend.base.controller.LoginController.getCode()', 'POST', 1, 'admin', NULL, '/pale/getCode', '127.0.0.1', '', '', '{\"msg\":\"操作成功\",\"img\":\"/9j/4AAQSkZJRgABAgAAAQABAAD/2wBDAAgGBgcGBQgHBwcJCQgKDBQNDAsLDBkSEw8UHRofHh0aHBwgJC4nICIsIxwcKDcpLDAxNDQ0Hyc5PTgyPC4zNDL/2wBDAQkJCQwLDBgNDRgyIRwhMjIyMjIyMjIyMjIyMjIyMjIyMjIyMjIyMjIyMjIyMjIyMjIyMjIyMjIyMjIyMjIyMjL/wAARCAA8AKADASIAAhEBAxEB/8QAHwAAAQUBAQEBAQEAAAAAAAAAAAECAwQFBgcICQoL/8QAtRAAAgEDAwIEAwUFBAQAAAF9AQIDAAQRBRIhMUEGE1FhByJxFDKBkaEII0KxwRVS0fAkM2JyggkKFhcYGRolJicoKSo0NTY3ODk6Q0RFRkdISUpTVFVWV1hZWmNkZWZnaGlqc3R1dnd4eXqDhIWGh4iJipKTlJWWl5iZmqKjpKWmp6ipqrKztLW2t7i5usLDxMXGx8jJytLT1NXW19jZ2uHi4+Tl5ufo6erx8vP09fb3+Pn6/8QAHwEAAwEBAQEBAQEBAQAAAAAAAAECAwQFBgcICQoL/8QAtREAAgECBAQDBAcFBAQAAQJ3AAECAxEEBSExBhJBUQdhcRMiMoEIFEKRobHBCSMzUvAVYnLRChYkNOEl8RcYGRomJygpKjU2Nzg5OkNERUZHSElKU1RVVldYWVpjZGVmZ2hpanN0dXZ3eHl6goOEhYaHiImKkpOUlZaXmJmaoqOkpaanqKmqsrO0tba3uLm6wsPExcbHyMnK0tPU1dbX2Nna4uPk5ebn6Onq8vP09fb3+Pn6/9oADAMBAAIRAxEAPwDtrW1ga1hZoIySikkoOeKsCztv+feL/vgU2z/484P+ua/yqyKiMY8q0IjGPKtCIWdr/wA+0P8A3wKeLK1/59of+/YqUUpYKOafLHsPlj2IxZWn/PrD/wB+xThY2n/PrB/37Fc7pfxB8O6pcm3jvhDKGKhZxs3fQ9D+ea6lXB71rWws6MuWrDlfmrCSi9iMWFn/AM+sH/fsU4WFn/z6Qf8AfsU6WeOCF5ZGCoilmJ7AViaD400nxBHdy2rSxw2mfNlnUIgHrnOMYGaI4aU4OcY3Std22vsO0djcGn2X/Ppb/wDfsf4U4adZf8+dv/36X/CnxzRyIro6sjDIZTkEVn6j4n0jSrmG1ur2MXUzqkduvzSMzHA+UcjOep4qYUXN8sI3foHLFdDQGnWP/Pnb/wDfpf8ACnDTbH/nyt/+/S/4VOpBp4qOWPYOWPYrjTLD/nytv+/S/wCFPGmWH/Pjbf8Afpf8KnyBXN6r8QfDWi332O81FVmU4dUUvs+uB+nWtaWGnWly0oOT8lcGorc3xpen/wDPjbf9+V/wp40rT/8Anwtf+/K/4UzTtUsdVtVubC6iuIW6PEwYf/WPtV4Vm6ai7Nahyx7FYaVp3/Pha/8Aflf8KcNJ07/oH2v/AH5X/CrQp4pcsewcsexVGk6b/wBA+0/78r/hVbU9L0+PSL10sbVXWByrCFQQdp5HFawqrq3/ACBb/wD695P/AEE0pRjyvQUox5XoclZ/8ecH/XNf5VZFV7P/AI84P+ua/wAqsinH4UOPwocKo6kT9mdecEEHBq+KbLEJFINUUeF614SsImb7I0luR2Y7l/xrG0htTl1aDTItQnMAkAdEmby9oPPFem+PLZLTRbmZB84FcH4DtPPvpZRyy4FfYYDMMT/ZtavXlzqOkb6u76336nPKEedJHoXxA114PCc6xNhrjEXB7HrWD4ftf+KGl05HMJvI2LuBnBPHT6Uz4jRsuhQjssoz+RrovCNkl5oFowxgxL/KvLc5Ucqpyhu5tv5JWL3m79jzGTSte0nfDbX7rD38m4KKfqMirXgWxWfxIl7cMXFq4cHP3nzwf611njnTP7O0medeDwB+Jqj8PtP8zTRMOrOc16bzfE1Msq1p2Tk1C6Vntdt/LQj2cVNI6l/i3Ya', 0, NULL, '2022-09-26 05:54:50');
INSERT INTO `sys_oper_log` VALUES (52, '登录', 1, 'com.pale.backend.base.controller.LoginController.login()', 'POST', 1, 'admin', NULL, '/pale/login', '127.0.0.1', '', '{\"code\":\"1\",\"password\":\"12345678\",\"username\":\"Cimson\",\"uuid\":\"1b368042c0cf42c4896e98dff6496dce\"}', NULL, 1, '\r\n### Error querying database.  Cause: java.sql.SQLSyntaxErrorException: Unknown column \'y.id\' in \'where clause\'\r\n### The error may exist in file [F:\\Crimson\\pale-backend\\target\\classes\\mapper\\SysMenuMapper.xml]\r\n### The error may involve com.pale.backend.base.mapper.SysMenuMapper.selectSysMenuByUserId-Inline\r\n### The error occurred while setting parameters\r\n### SQL: select s.menu_id, title, menu_name, parent_id, order_num, url, menu_type, visible, perms, icon, create_by, create_time, update_by, update_time, remark,         (select y.menu_name from sys_menu y where y.id = s.parent_id) as parent         from sys_menu s,sys_user_menu u         where s.menu_id = u.menu_id and u.user_id = ? and s.visible = 1\r\n### Cause: java.sql.SQLSyntaxErrorException: Unknown column \'y.id\' in \'where clause\'\n; bad SQL grammar []; nested exception is java.sql.SQLSyntaxErrorException: Unknown column \'y.id\' in \'where clause\'', '2022-09-26 05:55:01');
INSERT INTO `sys_oper_log` VALUES (53, '登录', 1, 'com.pale.backend.base.controller.LoginController.login()', 'POST', 1, 'admin', NULL, '/pale/login', '127.0.0.1', '', '{\"code\":\"1\",\"password\":\"12345678\",\"username\":\"Cimson\",\"uuid\":\"1b368042c0cf42c4896e98dff6496dce\"}', NULL, 1, '验证码错误', '2022-09-26 05:56:03');
INSERT INTO `sys_oper_log` VALUES (54, '获取验证码', 1, 'com.pale.backend.base.controller.LoginController.getCode()', 'POST', 1, 'admin', NULL, '/pale/getCode', '127.0.0.1', '', '', '{\"msg\":\"操作成功\",\"img\":\"/9j/4AAQSkZJRgABAgAAAQABAAD/2wBDAAgGBgcGBQgHBwcJCQgKDBQNDAsLDBkSEw8UHRofHh0aHBwgJC4nICIsIxwcKDcpLDAxNDQ0Hyc5PTgyPC4zNDL/2wBDAQkJCQwLDBgNDRgyIRwhMjIyMjIyMjIyMjIyMjIyMjIyMjIyMjIyMjIyMjIyMjIyMjIyMjIyMjIyMjIyMjIyMjL/wAARCAA8AKADASIAAhEBAxEB/8QAHwAAAQUBAQEBAQEAAAAAAAAAAAECAwQFBgcICQoL/8QAtRAAAgEDAwIEAwUFBAQAAAF9AQIDAAQRBRIhMUEGE1FhByJxFDKBkaEII0KxwRVS0fAkM2JyggkKFhcYGRolJicoKSo0NTY3ODk6Q0RFRkdISUpTVFVWV1hZWmNkZWZnaGlqc3R1dnd4eXqDhIWGh4iJipKTlJWWl5iZmqKjpKWmp6ipqrKztLW2t7i5usLDxMXGx8jJytLT1NXW19jZ2uHi4+Tl5ufo6erx8vP09fb3+Pn6/8QAHwEAAwEBAQEBAQEBAQAAAAAAAAECAwQFBgcICQoL/8QAtREAAgECBAQDBAcFBAQAAQJ3AAECAxEEBSExBhJBUQdhcRMiMoEIFEKRobHBCSMzUvAVYnLRChYkNOEl8RcYGRomJygpKjU2Nzg5OkNERUZHSElKU1RVVldYWVpjZGVmZ2hpanN0dXZ3eHl6goOEhYaHiImKkpOUlZaXmJmaoqOkpaanqKmqsrO0tba3uLm6wsPExcbHyMnK0tPU1dbX2Nna4uPk5ebn6Onq8vP09fb3+Pn6/9oADAMBAAIRAxEAPwDtrW1ga1hZoIySikkoOeKsCztv+feL/vgU2z/484P+ua/yqyKiMY8q0IjGPKtCIWdr/wA+0P8A3wKeLK1/59of+/YqUU4U+WPYfLHsRCytP+fWH/v2KcLG0/59YP8Av2KZeahaadavc3k6QwoMs7nAFV9G8RaVr8Ty6ZdrOsZw2FKkH6EA1osPJwdRR91dbafeFo3sXhYWf/PrB/37FOFhZ/8APpB/37FTCnjis+WPYOWPYhGn2X/Ppb/9+x/hThp1l/z52/8A36X/AAqKTVtPgu1tJb23juG6RNIAx/CrqyKxwGBI7ZqnTtug5Y9iIadY/wDPnb/9+l/wpw02x/58rf8A79L/AIVYFOFTyx7Byx7FcaZYf8+Vt/36X/CnjTLD/nxtv+/S/wCFWBSefGCQXXI6jNHJHsHLHsRDS9P/AOfG2/78r/hTxpWn/wDPha/9+V/wqjbeKNEu9SOnW+qWst2P+WSSAk4649TWyvNXOi4aSjb5Byx7FYaVp3/Pha/9+V/wpw0nTv8AoH2v/flf8KtCnio5Y9g5Y9iqNJ03/oH2n/flf8Kranpenx6Reuljaq6wOVYQqCDtPI4rWFVdW/5At/8A9e8n/oJpSjHlegpRjyvQ5Kz/AOPOD/rmv8qsiq9n/wAecH/XNf5VZFOPwocfhQ4U2WTy0Jp4qK4jLxkVRR4v4jl1bXPEjJrAlh0yBiVQHCED39T61Q8G6iunePE/s/cLSZjEVySNh/8Ar13XibRGubeZCSA4xkdq8+sZF8K6/CZl320h++R8y+pr67AY/wCtYephkve5LRgtE+rl5y6/I55w5WmfQ9vJ5kYao76d4baRowC4U7Qema4/XPG6+GdKsLyKx+2wXLbdyy7NvGR2OcjPp0p1l8RvDut/Z7dZ5Ybq4cRrBJEchjx1Hy/rXz0cuxUqPt402466rXbe9tV8zbnje1zzbUvC9zcapdXeqX4aWYl96ZOGPY57Vc+F+oX0PiloTcSParGwcFiR7cfWug8Xafb6jaTwWV3AbhTuwsgJXnvjkVwmg6rP4Z1dYLiJBG7DzGHXHTOfSvpsNi8Rj8DWpTalOytGyVkuq/yMXFRkme8f8Jv4eie5in1a2gltmKSxyvtYEegP3vwzWLD8YPC0mofZjJd', 0, NULL, '2022-09-26 05:57:05');
INSERT INTO `sys_oper_log` VALUES (55, '登录', 1, 'com.pale.backend.base.controller.LoginController.login()', 'POST', 1, 'admin', NULL, '/pale/login', '127.0.0.1', '', '{\"code\":\"0\",\"password\":\"12345678\",\"username\":\"Cimson\",\"uuid\":\"4bcc821e3b0b466f802a2bba1c17953b\"}', NULL, 1, '\r\n### Error querying database.  Cause: java.sql.SQLSyntaxErrorException: Unknown column \'y.id\' in \'where clause\'\r\n### The error may exist in file [F:\\Crimson\\pale-backend\\target\\classes\\mapper\\SysMenuMapper.xml]\r\n### The error may involve com.pale.backend.base.mapper.SysMenuMapper.selectSysMenuByUserId-Inline\r\n### The error occurred while setting parameters\r\n### SQL: select s.menu_id, title, menu_name, parent_id, order_num, url, menu_type, visible, perms, icon, create_by, create_time, update_by, update_time, remark,         (select y.menu_name from sys_menu y where y.id = s.parent_id) as parent         from sys_menu s,sys_user_menu u         where s.menu_id = u.menu_id and u.user_id = ? and s.visible = 1\r\n### Cause: java.sql.SQLSyntaxErrorException: Unknown column \'y.id\' in \'where clause\'\n; bad SQL grammar []; nested exception is java.sql.SQLSyntaxErrorException: Unknown column \'y.id\' in \'where clause\'', '2022-09-26 05:57:15');
INSERT INTO `sys_oper_log` VALUES (56, '登录', 1, 'com.pale.backend.base.controller.LoginController.login()', 'POST', 1, 'admin', NULL, '/pale/login', '127.0.0.1', '', '{\"code\":\"0\",\"password\":\"12345678\",\"username\":\"Cimson\",\"uuid\":\"4bcc821e3b0b466f802a2bba1c17953b\"}', NULL, 1, '验证码错误', '2022-09-26 05:58:33');
INSERT INTO `sys_oper_log` VALUES (57, '登录', 1, 'com.pale.backend.base.controller.LoginController.login()', 'POST', 1, 'admin', NULL, '/pale/login', '127.0.0.1', '', '{\"code\":\"0\",\"password\":\"12345678\",\"username\":\"Cimson\",\"uuid\":\"4bcc821e3b0b466f802a2bba1c17953b\"}', NULL, 1, '验证码错误', '2022-09-26 05:59:12');
INSERT INTO `sys_oper_log` VALUES (58, '获取验证码', 1, 'com.pale.backend.base.controller.LoginController.getCode()', 'POST', 1, 'admin', NULL, '/pale/getCode', '127.0.0.1', '', '', '{\"msg\":\"操作成功\",\"img\":\"/9j/4AAQSkZJRgABAgAAAQABAAD/2wBDAAgGBgcGBQgHBwcJCQgKDBQNDAsLDBkSEw8UHRofHh0aHBwgJC4nICIsIxwcKDcpLDAxNDQ0Hyc5PTgyPC4zNDL/2wBDAQkJCQwLDBgNDRgyIRwhMjIyMjIyMjIyMjIyMjIyMjIyMjIyMjIyMjIyMjIyMjIyMjIyMjIyMjIyMjIyMjIyMjL/wAARCAA8AKADASIAAhEBAxEB/8QAHwAAAQUBAQEBAQEAAAAAAAAAAAECAwQFBgcICQoL/8QAtRAAAgEDAwIEAwUFBAQAAAF9AQIDAAQRBRIhMUEGE1FhByJxFDKBkaEII0KxwRVS0fAkM2JyggkKFhcYGRolJicoKSo0NTY3ODk6Q0RFRkdISUpTVFVWV1hZWmNkZWZnaGlqc3R1dnd4eXqDhIWGh4iJipKTlJWWl5iZmqKjpKWmp6ipqrKztLW2t7i5usLDxMXGx8jJytLT1NXW19jZ2uHi4+Tl5ufo6erx8vP09fb3+Pn6/8QAHwEAAwEBAQEBAQEBAQAAAAAAAAECAwQFBgcICQoL/8QAtREAAgECBAQDBAcFBAQAAQJ3AAECAxEEBSExBhJBUQdhcRMiMoEIFEKRobHBCSMzUvAVYnLRChYkNOEl8RcYGRomJygpKjU2Nzg5OkNERUZHSElKU1RVVldYWVpjZGVmZ2hpanN0dXZ3eHl6goOEhYaHiImKkpOUlZaXmJmaoqOkpaanqKmqsrO0tba3uLm6wsPExcbHyMnK0tPU1dbX2Nna4uPk5ebn6Onq8vP09fb3+Pn6/9oADAMBAAIRAxEAPwDtrW1ga1hZoIySikkoOeKsCztv+feL/vgU2z/484P+ua/yqyKiMY8q0IjGPKtCIWdr/wA+0P8A3wKeLK1/59of+/YqUU4U+WPYfLHsRCytP+fWH/v2KcLG0/59YP8Av2KivtSs9LtHur24jggTq7nH/wCs+1RaPr2ma7bmfTbpJ0U4bGQVPuDyK0WHk4Ooo+6uttPvC0b2LosLP/n1g/79inCws/8An0g/79inTTx20DzSttjQFmOM4FJZ31rf2yXNpcRzwuMrJGwINR7NWvbQOWPYcNPsv+fS3/79j/CnDTrL/nzt/wDv0v8AhVP/AISHSV1Q6Y2oW63vH7kuA3Pb6+1aisD0NOVHltzRtfyDlj2Ihp1j/wA+dv8A9+l/wpw02x/58rf/AL9L/hVgU4VPLHsHLHsVxplh/wA+Vt/36X/CnjTLD/nxtv8Av0v+FWBTVuYWdkWVCy9QGGRRyLsHLHsRjS9P/wCfG2/78r/hTxpWn/8APha/9+V/wqpa+ItHvL9rG21K1lul5MSSgtx1rWXmqlS5HaUbfIOWPYrDStO/58LX/vyv+FOGk6d/0D7X/vyv+FWhTxU8sewcsexVGk6b/wBA+0/78r/hVbU9L0+PSL10sbVXWByrCFQQdp5HFawqrq3/ACBb/wD695P/AEE0pRjyvQUox5XoclZ/8ecH/XNf5VZFV7P/AI84P+ua/wAqsinH4UOPwocKVjtXNAodcqRVFHkfxXmuJZbElmNmjEOgPG7sT+GazLXzdJki17wtlV2fvrUkssi9+vP9fSu38V6SLuGRJE3IwwRXmUEt14U1Py5Nz2Mp6/1HuP1r6nLcXKvhY4al8cL+69qkXq1/iXT8DCcbSu/+GPVNH8baf4o0uWNR5c/lkTW7nkA8Ej1Hv71xHhS/fwh4uudNmY/Z7viNj0Jz8p/mKzNas2gmTXtJk8uQfvH2dGz/ABD69x3/ADqWeWPxVoxmjGy+t/m2jqG9vY4qqNOhCnKVO/sKvuyT3py6X8k+vbfUG3fXdfiZ3jaxePxDc3oJaG5ffu7qT1Bqaz1PVvDP2TVtP1V7mAkB42Y7f90rnp1rU01l8SaSWkAaeL5JQe/v+Ncpqtgthfra7nSJsMcnIFengcbOrJZdil71O6el1KK', 0, NULL, '2022-09-26 06:03:09');
INSERT INTO `sys_oper_log` VALUES (59, '获取验证码', 1, 'com.pale.backend.base.controller.LoginController.getCode()', 'POST', 1, 'admin', NULL, '/pale/getCode', '127.0.0.1', '', '', '{\"msg\":\"操作成功\",\"img\":\"/9j/4AAQSkZJRgABAgAAAQABAAD/2wBDAAgGBgcGBQgHBwcJCQgKDBQNDAsLDBkSEw8UHRofHh0aHBwgJC4nICIsIxwcKDcpLDAxNDQ0Hyc5PTgyPC4zNDL/2wBDAQkJCQwLDBgNDRgyIRwhMjIyMjIyMjIyMjIyMjIyMjIyMjIyMjIyMjIyMjIyMjIyMjIyMjIyMjIyMjIyMjIyMjL/wAARCAA8AKADASIAAhEBAxEB/8QAHwAAAQUBAQEBAQEAAAAAAAAAAAECAwQFBgcICQoL/8QAtRAAAgEDAwIEAwUFBAQAAAF9AQIDAAQRBRIhMUEGE1FhByJxFDKBkaEII0KxwRVS0fAkM2JyggkKFhcYGRolJicoKSo0NTY3ODk6Q0RFRkdISUpTVFVWV1hZWmNkZWZnaGlqc3R1dnd4eXqDhIWGh4iJipKTlJWWl5iZmqKjpKWmp6ipqrKztLW2t7i5usLDxMXGx8jJytLT1NXW19jZ2uHi4+Tl5ufo6erx8vP09fb3+Pn6/8QAHwEAAwEBAQEBAQEBAQAAAAAAAAECAwQFBgcICQoL/8QAtREAAgECBAQDBAcFBAQAAQJ3AAECAxEEBSExBhJBUQdhcRMiMoEIFEKRobHBCSMzUvAVYnLRChYkNOEl8RcYGRomJygpKjU2Nzg5OkNERUZHSElKU1RVVldYWVpjZGVmZ2hpanN0dXZ3eHl6goOEhYaHiImKkpOUlZaXmJmaoqOkpaanqKmqsrO0tba3uLm6wsPExcbHyMnK0tPU1dbX2Nna4uPk5ebn6Onq8vP09fb3+Pn6/9oADAMBAAIRAxEAPwDtrW1ga1hZoIySikkoOeKsCztv+feL/vgU2z/484P+ua/yqyKiMY8q0IjGPKtCIWdr/wA+0P8A3wKeLK1/59of+/YqUU4U+WPYfLHsRCytP+fWH/v2KcLG0/59YP8Av2Kim1OxtplhnvIIpG6K8gBNXVINN00tWg5Y9iIWFn/z6wf9+xThYWf/AD6Qf9+xT5JUhjZ3YKqgkk9hWJ4e8Y6b4kuLqGwW4/0diGeRAFbnGQQTWkcPKcJVIxuo7u219gtHaxtjT7L/AJ9Lf/v2P8KcNOsv+fO3/wC/S/4VMCKcrqTgEZHasuSPYOWPYiGnWP8Az52//fpf8KcNNsf+fK3/AO/S/wCFWBThRyx7Byx7FcaZYf8APlbf9+l/wp40yw/58bb/AL9L/hU+QK5zVvH/AIb0O9+x3uoos4Pzqil9n1wP061rSw060uWlDmfkrg1Fbm8NL0//AJ8bb/vyv+FPGlaf/wA+Fr/35X/Cmabqljqtql1YXUVxA3R42BH09j7VeFZumouzWocsexWGlad/z4Wv/flf8KcNJ07/AKB9r/35X/CrQp4pcsewcsexVGk6b/0D7T/vyv8AhVbU9L0+PSL10sbVXWByrCFQQdp5HFawqrq3/IFv/wDr3k/9BNKUY8r0FKMeV6HJWf8Ax5wf9c1/lVkVXs/+POD/AK5r/KrIpx+FDj8KHCqWp3wsbGac/wDLNGb8hmro6Vg+JVMlhLGejqVP41atfUo8QhDeJ9curm+uZAXJbcOSPQD2FdR4J8T32g+IF0O7uDNZO2xC38J7Ee3tXL+HYTFrr2kvDlSuPcc/yzTvEkclhrUNwnB2gg+4P/6q/QMRL6xjZZfK3s5QvDydtGn95yLSPP1vqesfEXXGsfC1wsTYe4Hk8Hsw5/SszwCDpXhweUg86XMrZ7sRwD+QrmvHuofb9H0+RSSjvuH4rXd+HbIPpMG3p5a4/Kvmat6OVU4r7cm3/wBu2SRutZs891DV/GGr6rcW8+oT2Srk7FcxqF7D5etWfhlqmoR+KnSS5lktxG3mbnJHt+tbni7SLsWUxts+b/CPx561wuh6rP4c1VYbiJQkjDzG749c17GGxLx2BrU6UIJ2sorR6bvz8vMzceWSbZ6nc/F6w07X7nTb3Tp1igk', 0, NULL, '2022-09-26 06:05:34');
INSERT INTO `sys_oper_log` VALUES (60, '登录', 1, 'com.pale.backend.base.controller.LoginController.login()', 'POST', 1, 'admin', NULL, '/pale/login', '127.0.0.1', '', '{\"code\":\"\",\"password\":\"12345678\",\"username\":\"Cimson\",\"uuid\":\"bdc7c4c7dacb402ca0cb0b2b0c9ac653\"}', NULL, 1, '验证码不能为空', '2022-09-26 06:20:39');
INSERT INTO `sys_oper_log` VALUES (61, '获取验证码', 1, 'com.pale.backend.base.controller.LoginController.getCode()', 'POST', 1, 'admin', NULL, '/pale/getCode', '127.0.0.1', '', '', '{\"msg\":\"操作成功\",\"img\":\"/9j/4AAQSkZJRgABAgAAAQABAAD/2wBDAAgGBgcGBQgHBwcJCQgKDBQNDAsLDBkSEw8UHRofHh0aHBwgJC4nICIsIxwcKDcpLDAxNDQ0Hyc5PTgyPC4zNDL/2wBDAQkJCQwLDBgNDRgyIRwhMjIyMjIyMjIyMjIyMjIyMjIyMjIyMjIyMjIyMjIyMjIyMjIyMjIyMjIyMjIyMjIyMjL/wAARCAA8AKADASIAAhEBAxEB/8QAHwAAAQUBAQEBAQEAAAAAAAAAAAECAwQFBgcICQoL/8QAtRAAAgEDAwIEAwUFBAQAAAF9AQIDAAQRBRIhMUEGE1FhByJxFDKBkaEII0KxwRVS0fAkM2JyggkKFhcYGRolJicoKSo0NTY3ODk6Q0RFRkdISUpTVFVWV1hZWmNkZWZnaGlqc3R1dnd4eXqDhIWGh4iJipKTlJWWl5iZmqKjpKWmp6ipqrKztLW2t7i5usLDxMXGx8jJytLT1NXW19jZ2uHi4+Tl5ufo6erx8vP09fb3+Pn6/8QAHwEAAwEBAQEBAQEBAQAAAAAAAAECAwQFBgcICQoL/8QAtREAAgECBAQDBAcFBAQAAQJ3AAECAxEEBSExBhJBUQdhcRMiMoEIFEKRobHBCSMzUvAVYnLRChYkNOEl8RcYGRomJygpKjU2Nzg5OkNERUZHSElKU1RVVldYWVpjZGVmZ2hpanN0dXZ3eHl6goOEhYaHiImKkpOUlZaXmJmaoqOkpaanqKmqsrO0tba3uLm6wsPExcbHyMnK0tPU1dbX2Nna4uPk5ebn6Onq8vP09fb3+Pn6/9oADAMBAAIRAxEAPwDtrW1ga1hZoIySikkoOeKsCztv+feL/vgU2z/484P+ua/yqyKiMY8q0IjGPKtCIWdr/wA+0P8A3wKeLK1/59of+/YqUU7IHWnyx7D5Y9iIWVp/z6w/9+xThY2n/PrB/wB+xVB/Euiw3n2STVLRJ842NKBg+n19q1kdXUMpBB6EVcqLhbmja/kHLHsRiws/+fWD/v2KcLCz/wCfSD/v2Kr6rrNjodg97qE/k26kAttLHJ6DABNW7W5ju7aK4iJ8uVA65GDgjI4pextHn5dNr2Dlj2AafZf8+lv/AN+x/hThp1l/z52//fpf8KmyBTI7y2llMUc8TSLwUVwSPwpci7Byx7ANOsf+fO3/AO/S/wCFOGm2P/Plb/8Afpf8KsCnClyx7Byx7FcaZYf8+Vt/36X/AAp40yw/58bb/v0v+FWBxWdqfiLSNF2/2jqEFsW+6sjcn6DrVwo875YRu/JByxXQtjS9P/58bb/vyv8AhTxpWn/8+Fr/AN+V/wAKi07V9O1WHzbC9t7mP+9DIGx9cdK0BUypqLs1Zhyx7FYaVp3/AD4Wv/flf8KcNJ07/oH2v/flf8KtCnilyx7Byx7FUaTpv/QPtP8Avyv+FVtT0vT49IvXSxtVdYHKsIVBB2nkcVrCqurf8gW//wCveT/0E0pRjyvQUox5XoclZ/8AHnB/1zX+VWRVez/484P+ua/yqyKcfhQ4/ChRWF4rvprTQL57YkTCFipHXpW8BxWJr1s01swAzxWkJcslK17FM8J0PT7XVGuBdzSrKMFWU85Pc5612ngrxZeaJqx0DVJzJATiCRznbxkDPoa57UdDu9MvmvNPHQ5aL+eKwtRvpdRu1mEJikjXBweRivv01m0p+8nRkutr05L8d/kzk/h+v5nceOtX124kezuHtmtJpwbeFRlsDoTW38P9a1G5uZZbzVRMoQI9m67TCR0IFYWkxp4mtbe8kXddwfIxz0Pr+PX/APVXUWHh9Le4F75OLgLt3jgke9fO4rGwp4d4GdNRlG92kt7/AJNJaqzv5G0Y3fMmcv438S6nrPidtEhu2trNWCEKcBuMkn1ql4e0PUtM8T281heL5UZBMjHAYdxtzVXxtaS2msrqMeQSQGPow6Gs2x0681CBr6G+ZbjcSqgkHI9', 0, NULL, '2022-09-26 06:20:51');
INSERT INTO `sys_oper_log` VALUES (62, '获取验证码', 1, 'com.pale.backend.base.controller.LoginController.getCode()', 'POST', 1, 'admin', NULL, '/pale/getCode', '127.0.0.1', '', '', '{\"msg\":\"操作成功\",\"img\":\"/9j/4AAQSkZJRgABAgAAAQABAAD/2wBDAAgGBgcGBQgHBwcJCQgKDBQNDAsLDBkSEw8UHRofHh0aHBwgJC4nICIsIxwcKDcpLDAxNDQ0Hyc5PTgyPC4zNDL/2wBDAQkJCQwLDBgNDRgyIRwhMjIyMjIyMjIyMjIyMjIyMjIyMjIyMjIyMjIyMjIyMjIyMjIyMjIyMjIyMjIyMjIyMjL/wAARCAA8AKADASIAAhEBAxEB/8QAHwAAAQUBAQEBAQEAAAAAAAAAAAECAwQFBgcICQoL/8QAtRAAAgEDAwIEAwUFBAQAAAF9AQIDAAQRBRIhMUEGE1FhByJxFDKBkaEII0KxwRVS0fAkM2JyggkKFhcYGRolJicoKSo0NTY3ODk6Q0RFRkdISUpTVFVWV1hZWmNkZWZnaGlqc3R1dnd4eXqDhIWGh4iJipKTlJWWl5iZmqKjpKWmp6ipqrKztLW2t7i5usLDxMXGx8jJytLT1NXW19jZ2uHi4+Tl5ufo6erx8vP09fb3+Pn6/8QAHwEAAwEBAQEBAQEBAQAAAAAAAAECAwQFBgcICQoL/8QAtREAAgECBAQDBAcFBAQAAQJ3AAECAxEEBSExBhJBUQdhcRMiMoEIFEKRobHBCSMzUvAVYnLRChYkNOEl8RcYGRomJygpKjU2Nzg5OkNERUZHSElKU1RVVldYWVpjZGVmZ2hpanN0dXZ3eHl6goOEhYaHiImKkpOUlZaXmJmaoqOkpaanqKmqsrO0tba3uLm6wsPExcbHyMnK0tPU1dbX2Nna4uPk5ebn6Onq8vP09fb3+Pn6/9oADAMBAAIRAxEAPwDtrW1ga1hZoIySikkoOeKsCztv+feL/vgU2z/484P+ua/yqyKiMY8q0IjGPKtCIWdr/wA+0P8A3wKeLK1/59of+/YqUU7IHWnyx7D5Y9iIWVp/z6w/9+xThY2n/PrB/wB+xWYPFehC/Ni2p2y3AO3Yz459MnjNbSsCMg1c6Dhbnja/dByxfQjFhZ/8+sH/AH7FOFhZ/wDPpB/37FVNZ1uz0DTXv75nEKEA7ELHJ6VetbmO7top4jmOVA6n2IyKHRtFT5dHpe39dw5Y9gGn2X/Ppb/9+x/hThp1l/z52/8A36X/AAqYECmLd25n8gTx+cP+We8bvyqeRdg5Y9gGnWP/AD52/wD36X/CnDTbH/nyt/8Av0v+FTrzTxS5Y9g5Y9iuNMsP+fK2/wC/S/4U8aZYf8+Nt/36X/CrA4rH1jxZomgSxx6lfxwO/IU5Jx64FXToOpLlhG78lcHGK3RpDS9P/wCfG2/78r/hTxpWn/8APha/9+V/wqPTtWsNWtxcWF3DcxH+OJwwHscdD7VfFTKmouzWocsexWGlad/z4Wv/AH5X/CnDSdO/6B9r/wB+V/wq0KeKXLHsHLHsVRpOm/8AQPtP+/K/4VW1PS9Pj0i9dLG1V1gcqwhUEHaeRxWsKq6t/wAgW/8A+veT/wBBNKUY8r0FKMeV6HJWf/HnB/1zX+VWRVez/wCPOD/rmv8AKrIpx+FDj8KHCqt9KYoWI9KtioLuDzoStUUfOWu6f9h16ZJ2byJJCyyD0J/mK67Sdd8QeFbZJoJxqukhQxQ/ejX1HcD8xWp4l8NC4dtyZU8/SuQik1TwyzRiM3NmTlcdV/wr7GlmjzChGjJRc46OMrJTXeL+zL5/5HO4cjudZr2uv4s00z6fqYhs/J23FnJGGO7rz6fX2rn/AAx4o120u7WY6hm0j/dBJ2xEw6BWb+E+hPFc1DLdW00mpW0Xkx7+Y+20np9K9A8O2dtqVmbmKJGinGJEIyCe4IqsW4ZfRdNQU6Tdul4u2qbS1dno/K3mEbzd9mdL4+1u+Xwi8tizwyHHmAH5lU9a8u0vSo5LO31SDWxaXSyZd5G2hDnseuf513kmh3NlE8EVw8mnsuBBN8xj9lP932Nea6zpcml3DKNxtHbOPQ+lZ5JiIWeDpVF', 0, NULL, '2022-09-26 06:21:04');
INSERT INTO `sys_oper_log` VALUES (63, '获取验证码', 1, 'com.pale.backend.base.controller.LoginController.getCode()', 'POST', 1, 'admin', NULL, '/pale/getCode', '127.0.0.1', '', '', '{\"msg\":\"操作成功\",\"img\":\"/9j/4AAQSkZJRgABAgAAAQABAAD/2wBDAAgGBgcGBQgHBwcJCQgKDBQNDAsLDBkSEw8UHRofHh0aHBwgJC4nICIsIxwcKDcpLDAxNDQ0Hyc5PTgyPC4zNDL/2wBDAQkJCQwLDBgNDRgyIRwhMjIyMjIyMjIyMjIyMjIyMjIyMjIyMjIyMjIyMjIyMjIyMjIyMjIyMjIyMjIyMjIyMjL/wAARCAA8AKADASIAAhEBAxEB/8QAHwAAAQUBAQEBAQEAAAAAAAAAAAECAwQFBgcICQoL/8QAtRAAAgEDAwIEAwUFBAQAAAF9AQIDAAQRBRIhMUEGE1FhByJxFDKBkaEII0KxwRVS0fAkM2JyggkKFhcYGRolJicoKSo0NTY3ODk6Q0RFRkdISUpTVFVWV1hZWmNkZWZnaGlqc3R1dnd4eXqDhIWGh4iJipKTlJWWl5iZmqKjpKWmp6ipqrKztLW2t7i5usLDxMXGx8jJytLT1NXW19jZ2uHi4+Tl5ufo6erx8vP09fb3+Pn6/8QAHwEAAwEBAQEBAQEBAQAAAAAAAAECAwQFBgcICQoL/8QAtREAAgECBAQDBAcFBAQAAQJ3AAECAxEEBSExBhJBUQdhcRMiMoEIFEKRobHBCSMzUvAVYnLRChYkNOEl8RcYGRomJygpKjU2Nzg5OkNERUZHSElKU1RVVldYWVpjZGVmZ2hpanN0dXZ3eHl6goOEhYaHiImKkpOUlZaXmJmaoqOkpaanqKmqsrO0tba3uLm6wsPExcbHyMnK0tPU1dbX2Nna4uPk5ebn6Onq8vP09fb3+Pn6/9oADAMBAAIRAxEAPwDtrW1ga1hZoIySikkoOeKsCztv+feL/vgU2z/484P+ua/yqyKiMY8q0IjGPKtCIWdr/wA+0P8A3wKeLK1/59of+/YqUU4U+WPYfLHsRCytP+fWH/v2KcLG0/59YP8Av2KmFOBFHLHsHLHsRCws/wDn1g/79inCws/+fSD/AL9iq+q6vZaJp0t/fy+Xbx43MFLHk4GAOTyatWV3FfWcF1Du8uaNZE3DBwRkZHar9i+Xn5dNr20uHLHawo0+y/59Lf8A79j/AApw06y/587f/v0v+FTg4qGPULOS9azS6ha5Vd7Qq4LqMgZI6jqKlU09kHLHsOGnWP8Az52//fpf8KcNNsf+fK3/AO/S/wCFWBThS5Y9g5Y9iuNMsP8Anytv+/S/4U8aZYf8+Nt/36X/AAqWSaOGNpJHVEUZZmOABXKN8UPCUd/9kbVFLZ2+YsbMhP8AvAEfjW9HCVK1/ZU3K3ZX/ITUFudQNL0//nxtv+/K/wCFPGlaf/z4Wv8A35X/AAqS3uIrmFJoXV43AZWU5BFWBWLgl0Hyx7FUaVp3/Pha/wDflf8ACnDSdO/6B9r/AN+V/wAKtCnilyx7Byx7FUaTpv8A0D7T/vyv+FVtT0vT49IvXSxtVdYHKsIVBB2nkcVrCqurf8gW/wD+veT/ANBNKUY8r0FKMeV6HJWf/HnB/wBc1/lVkVXs/wDjzg/65r/KrIpx+FDj8KHCnCkFKRxVFHM+MfFv/CLWUM4tWuDK5QYbAU4yM/rXjWr+KNR1vXbe7v2aOJXUrECQoXP69K9l8RWTXUJVo1cA5AYZwfWvHfFenTQyLOynC/IeOg7V9Nw/icJGrGhOn78rrmv32svwMaqla9zb8X69rt+Xspmga2nlzDAoy2B0ya6b4danf3U0k1xqxnjCCNrRlwYSOmK5fQLFNat4b4AtcIvlMc5wR/nP413Oi6ClnO90sKrO4wzgckVhi8dCGHeCdNRlHd2W99e+lktd7rsOMbvmuV/GXxJTTmuNJ0yKR9RHyFivCEjqPU4NcV8ONej0fUNX1C6EkrC28xtvLMA2T1+tdT4i0ZDeyXyW6/aXADSY5OBgfpXmts50TxBiVR5LZRww4KN6+o/wruy2eFr4OrhKMGpOKb11k4u7S/T1JmpKSk2', 0, NULL, '2022-09-26 06:21:16');
INSERT INTO `sys_oper_log` VALUES (64, '获取验证码', 1, 'com.pale.backend.base.controller.LoginController.getCode()', 'POST', 1, 'admin', NULL, '/pale/getCode', '127.0.0.1', '', '', '{\"msg\":\"操作成功\",\"img\":\"/9j/4AAQSkZJRgABAgAAAQABAAD/2wBDAAgGBgcGBQgHBwcJCQgKDBQNDAsLDBkSEw8UHRofHh0aHBwgJC4nICIsIxwcKDcpLDAxNDQ0Hyc5PTgyPC4zNDL/2wBDAQkJCQwLDBgNDRgyIRwhMjIyMjIyMjIyMjIyMjIyMjIyMjIyMjIyMjIyMjIyMjIyMjIyMjIyMjIyMjIyMjIyMjL/wAARCAA8AKADASIAAhEBAxEB/8QAHwAAAQUBAQEBAQEAAAAAAAAAAAECAwQFBgcICQoL/8QAtRAAAgEDAwIEAwUFBAQAAAF9AQIDAAQRBRIhMUEGE1FhByJxFDKBkaEII0KxwRVS0fAkM2JyggkKFhcYGRolJicoKSo0NTY3ODk6Q0RFRkdISUpTVFVWV1hZWmNkZWZnaGlqc3R1dnd4eXqDhIWGh4iJipKTlJWWl5iZmqKjpKWmp6ipqrKztLW2t7i5usLDxMXGx8jJytLT1NXW19jZ2uHi4+Tl5ufo6erx8vP09fb3+Pn6/8QAHwEAAwEBAQEBAQEBAQAAAAAAAAECAwQFBgcICQoL/8QAtREAAgECBAQDBAcFBAQAAQJ3AAECAxEEBSExBhJBUQdhcRMiMoEIFEKRobHBCSMzUvAVYnLRChYkNOEl8RcYGRomJygpKjU2Nzg5OkNERUZHSElKU1RVVldYWVpjZGVmZ2hpanN0dXZ3eHl6goOEhYaHiImKkpOUlZaXmJmaoqOkpaanqKmqsrO0tba3uLm6wsPExcbHyMnK0tPU1dbX2Nna4uPk5ebn6Onq8vP09fb3+Pn6/9oADAMBAAIRAxEAPwDtrW1ga1hZoIySikkoOeKsCztv+feL/vgU2z/484P+ua/yqyKiMY8q0IjGPKtCIWdr/wA+0P8A3wKeLK1/59of+/YqUVHc3cFlbvcXMqxRIMs7HAAqlBN2SHyx7CiytP8An1h/79inCxtP+fWD/v2KxdL8a6Bq939ktNQRp88Iyld30JGDXRKQa0q4adGXLVhyvzVgSi9iIWFn/wA+sH/fsU4WFn/z6Qf9+xUwp4rLlj2Dlj2IRp9l/wA+lv8A9+x/hThp1l/z52//AH6X/Cp8gVQuNe0mzuVtrjULaKdjgRtIN35dqqNLmdoxv8g5Y9i2NOsf+fO3/wC/S/4U4abY/wDPlb/9+l/wqZGDAEEEHoRUgqeSPYOWPYrjTLD/AJ8rb/v0v+FPGmWH/Pjbf9+l/wAKsCoLzUbPTofOvLmK3j/vSuFH601TUnZIOWPYUaXp/wDz423/AH5X/CnjStP/AOfC1/78r/hTbHU7HUYjJZXcNwg4JicNg++OlXV5odNJ2aDlj2Kw0rTv+fC1/wC/K/4U4aTp3/QPtf8Avyv+FWhTxS5Y9g5Y9iqNJ03/AKB9p/35X/Cq2p6Xp8ekXrpY2qusDlWEKgg7TyOK1hVXVv8AkC3/AP17yf8AoJpSjHlegpRjyvQ5Kz/484P+ua/yqyKr2f8Ax5wf9c1/lVkU4/Chx+FATgZry74s6lMLG1tEYiKSQlwO+Bx/OvUXHymvNvH2ltqFoyAfOp3IfevSyqvTw+Np1avwp6/5/LcVRNxaRwz6XatoUN5ZK0d5Eok3qx+bv+Yr1jwB4q/t/RV+0ODdwfu5fVuOG/GvLvCtyGWXTp/lljyyBu47j/PrTNMv5fBvisSDd9klOGA7of6g/wAvevocTQqYp1sFWd6kW5QfePZfLbz9DJNRtJbdT074mXlwnhKf7JcSQujozGNypK5wRx25/Srvw81iO+8I2CmXfLEhSTLZYEEjmvL/ABBpF7qOoT3V1qrz2zMWgBJbCnkD0H4VzdhbXMWr+RBeG0uR/qpQxXJ7cjkZrDDYLB4jAvDqsuePvt8r0VrNedt2+g3KSlex7J8S9c1az0yK30oSAzMRJJH1UentXkGpaatnYW1y08jXcxzIrcEZ5+ua9H8Pvrl9ay2etK8kifN', 0, NULL, '2022-09-26 06:22:40');
INSERT INTO `sys_oper_log` VALUES (65, '登录', 1, 'com.pale.backend.base.controller.LoginController.login()', 'POST', 1, 'admin', NULL, '/pale/login', '127.0.0.1', '', '{\"code\":\"3\",\"password\":\"12345678\",\"username\":\"Cimson\",\"uuid\":\"af22871e207e49d0a14f4dd57f2fbd46\"}', '{\"code\":200,\"data\":{\"access_token\":\"eyJhbGciOiJIUzUxMiJ9.eyJ1c2VyX2lkIjoxLCJ1c2VyX2tleSI6IjBlZWY2ZTk3LTliYjAtNGQxYS04OGU4LTUzMWYwMmU3NGE3YyIsInVzZXJuYW1lIjoiQ2ltc29uIn0.9WBkeAPdpUeZ9stUsbeZFg6IxmwX433aUGHypo3aTAw96l98DeJTDhTw6y2y7h3a2YO4kuIQtzBzO7iqVhLgTw\",\"menu\":[],\"expires_in\":720}}', 0, NULL, '2022-09-26 06:23:37');
INSERT INTO `sys_oper_log` VALUES (66, '登出', 3, 'com.pale.backend.base.controller.LoginController.login()', 'POST', 1, 'admin', NULL, '/pale/logout', '127.0.0.1', '', '', '{\"code\":200}', 0, NULL, '2022-09-26 06:44:58');
INSERT INTO `sys_oper_log` VALUES (67, '获取验证码', 1, 'com.pale.backend.base.controller.LoginController.getCode()', 'POST', 1, 'admin', NULL, '/pale/getCode', '127.0.0.1', '', '', '{\"msg\":\"操作成功\",\"img\":\"/9j/4AAQSkZJRgABAgAAAQABAAD/2wBDAAgGBgcGBQgHBwcJCQgKDBQNDAsLDBkSEw8UHRofHh0aHBwgJC4nICIsIxwcKDcpLDAxNDQ0Hyc5PTgyPC4zNDL/2wBDAQkJCQwLDBgNDRgyIRwhMjIyMjIyMjIyMjIyMjIyMjIyMjIyMjIyMjIyMjIyMjIyMjIyMjIyMjIyMjIyMjIyMjL/wAARCAA8AKADASIAAhEBAxEB/8QAHwAAAQUBAQEBAQEAAAAAAAAAAAECAwQFBgcICQoL/8QAtRAAAgEDAwIEAwUFBAQAAAF9AQIDAAQRBRIhMUEGE1FhByJxFDKBkaEII0KxwRVS0fAkM2JyggkKFhcYGRolJicoKSo0NTY3ODk6Q0RFRkdISUpTVFVWV1hZWmNkZWZnaGlqc3R1dnd4eXqDhIWGh4iJipKTlJWWl5iZmqKjpKWmp6ipqrKztLW2t7i5usLDxMXGx8jJytLT1NXW19jZ2uHi4+Tl5ufo6erx8vP09fb3+Pn6/8QAHwEAAwEBAQEBAQEBAQAAAAAAAAECAwQFBgcICQoL/8QAtREAAgECBAQDBAcFBAQAAQJ3AAECAxEEBSExBhJBUQdhcRMiMoEIFEKRobHBCSMzUvAVYnLRChYkNOEl8RcYGRomJygpKjU2Nzg5OkNERUZHSElKU1RVVldYWVpjZGVmZ2hpanN0dXZ3eHl6goOEhYaHiImKkpOUlZaXmJmaoqOkpaanqKmqsrO0tba3uLm6wsPExcbHyMnK0tPU1dbX2Nna4uPk5ebn6Onq8vP09fb3+Pn6/9oADAMBAAIRAxEAPwDtrW1ga1hZoIySikkoOeKsCztv+feL/vgU2z/484P+ua/yqyKiMY8q0IjGPKtCIWdr/wA+0P8A3wKeLK1/59of+/YqUU4U+WPYfLHsRCytP+fWH/v2KcLG0/59YP8Av2KlLBRknArB07xtomqa0+k2tyz3Slh/qztbb1w3StYYeVROUIXS1dlt6g1FG4LCz/59YP8Av2KcLCz/AOfSD/v2KlBGKq2Gs6fqU9zDZ3KTvbMEl2ZIVjnjPQnjtUKldNpaIOWPYsDT7L/n0t/+/Y/wpw06y/587f8A79L/AIVOKytZ8T6RoAiGo3axySnEcQBZ3PsB/PpThRdSXLCN35IHGK6GiNOsf+fO3/79L/hThptj/wA+Vv8A9+l/wqdSDTxUcsewcsexXGmWH/Plbf8Afpf8KeNMsP8Anxtv+/S/4VYFLvVRyaOWPYOWPYgGl6f/AM+Nt/35X/CnjStP/wCfC1/78r/hVO38SaNc3/2KDU7WW5/55pICf0rXXmqlR5NJRt8g5Y9isNK07/nwtf8Avyv+FOGk6d/0D7X/AL8r/hVoU8VPLHsHLHsVRpOm/wDQPtP+/K/4VW1PS9Pj0i9dLG1V1gcqwhUEHaeRxWsKq6t/yBb/AP695P8A0E0pRjyvQUox5XoclZ/8ecH/AFzX+VWRVez/AOPOD/rmv8qsinH4UOPwocKd2pBQ5wpqijjfiJrz6T4dmWB9s0/7pCOoz1P5ZryzwFd/2f4xtzJ8pYPHz6kf/WrpPirc7rqwhZvkDMx/SuAnulj1BLu1ciRGDA4xyOhr7jJsO5Zf7BRf75T96zsmtIp+W5zVH79+x7z4j8R6hpVpbvp9h9sLk7/mwFGOteU6Dql4b4W/9oNpltPcGVXVcq756E+ld7bXcfibw2ksLsolQq4U8oehFUtO8KxpClrJCJIF/hcZ75rw8JjaWCpTo1Kfv3s++l+91dPy76mkouTumdxq3ie10LRhfXzkjhfkX7zY/Toa8H1zxFd6z4kj1i6Uqm9WiTsqK3QflXsWr6Ql5opsZYt0OANvpjp/KvMPE+iSpCGSPAhHyqB/D3Fb5DjcJh6ijUj703Zvok10877+QqsZNaHq1l8RdEi1RtNv5zaygKUllH7qQEAghu3XvitvUfG3h3S', 0, NULL, '2022-09-26 06:44:59');
INSERT INTO `sys_oper_log` VALUES (68, '获取验证码', 1, 'com.pale.backend.base.controller.LoginController.getCode()', 'POST', 1, 'admin', NULL, '/pale/getCode', '127.0.0.1', '', '', '{\"msg\":\"操作成功\",\"img\":\"/9j/4AAQSkZJRgABAgAAAQABAAD/2wBDAAgGBgcGBQgHBwcJCQgKDBQNDAsLDBkSEw8UHRofHh0aHBwgJC4nICIsIxwcKDcpLDAxNDQ0Hyc5PTgyPC4zNDL/2wBDAQkJCQwLDBgNDRgyIRwhMjIyMjIyMjIyMjIyMjIyMjIyMjIyMjIyMjIyMjIyMjIyMjIyMjIyMjIyMjIyMjIyMjL/wAARCAA8AKADASIAAhEBAxEB/8QAHwAAAQUBAQEBAQEAAAAAAAAAAAECAwQFBgcICQoL/8QAtRAAAgEDAwIEAwUFBAQAAAF9AQIDAAQRBRIhMUEGE1FhByJxFDKBkaEII0KxwRVS0fAkM2JyggkKFhcYGRolJicoKSo0NTY3ODk6Q0RFRkdISUpTVFVWV1hZWmNkZWZnaGlqc3R1dnd4eXqDhIWGh4iJipKTlJWWl5iZmqKjpKWmp6ipqrKztLW2t7i5usLDxMXGx8jJytLT1NXW19jZ2uHi4+Tl5ufo6erx8vP09fb3+Pn6/8QAHwEAAwEBAQEBAQEBAQAAAAAAAAECAwQFBgcICQoL/8QAtREAAgECBAQDBAcFBAQAAQJ3AAECAxEEBSExBhJBUQdhcRMiMoEIFEKRobHBCSMzUvAVYnLRChYkNOEl8RcYGRomJygpKjU2Nzg5OkNERUZHSElKU1RVVldYWVpjZGVmZ2hpanN0dXZ3eHl6goOEhYaHiImKkpOUlZaXmJmaoqOkpaanqKmqsrO0tba3uLm6wsPExcbHyMnK0tPU1dbX2Nna4uPk5ebn6Onq8vP09fb3+Pn6/9oADAMBAAIRAxEAPwDtrW1ga1hZoIySikkoOeKsCztv+feL/vgU2z/484P+ua/yqyKiMY8q0IjGPKtCIWdr/wA+0P8A3wKeLK1/59of+/YqUU4U+WPYfLHsRCytP+fWH/v2KcLG0/59YP8Av2Km6VUg1jT59Rl0+K7ha7iXc8Ib5gPXH+ccetUqXNdqOwcsexYFhZ/8+sH/AH7FOFhZ/wDPpB/37FTCiSaOCNpJXVEUZLMcAVPJHsHLHsMGn2X/AD6W/wD37H+FOGnWX/Pnb/8Afpf8KnBFZmo+ItN0u+srG4m/0u8kEcMKDLHJxuPoo9aqFHndoxuw5Y9i+NOsf+fO3/79L/hThptj/wA+Vv8A9+l/wqdSDTxU8sewcsexXGmWH/Plbf8Afpf8KeNMsP8Anxtv+/S/4VMXVFLMQABkk9qr2Or6fqSu1leQ3CodrGNw20+9Uqd02log5Y9iQaXp/wDz423/AH5X/CnjStP/AOfC1/78r/hVa313S7nU5NOhvoZLyMZeJWyRWovNEqXLpKNvkHLHsVhpWnf8+Fr/AN+V/wAKcNJ07/oH2v8A35X/AAq0KeKnlj2Dlj2Ko0nTf+gfaf8Aflf8Kranpenx6Reuljaq6wOVYQqCDtPI4rWFVdW/5At//wBe8n/oJpSjHlegpRjyvQ5Kz/484P8Armv8qsiq9n/x5wf9c1/lVkU4/Chx+FDhThSCndqooxvEmrjR9Fu7z+KKMso9T2/WvniK8ubfVYNSkkfzTIJt4Jyeeea9d+KE7L4bmQH7zoD+deTSLHe2S+Qf3sK5KHgkd6+x4fnDD4Z1JxvGcuWT7K2l/mznq6ysuh9J2V8lxarKrAqwyCO4ry7xJqc118UdOtZJXNpG8bGLcdpI55HTNN8F+PLK30m10zUJHS4D+SjY+Xb/AAknt6fhWb42U2fiOx1YcqrgN+Bz/jXFgMDUwuOlh60bNxkou27to0VKSlG6O+8VePJPDT2h+x+fb3CsN4bBRhj9CD+leVWviOe/+IVnrN58pa4XAPRF6D8BmvR9UsRqmlhWRZY2AYZ5HsRXmfiPSJbbbMqbRGNpA7DtV5JisGv9mnC05pxcr99tPw+4KkZfF2PedN8W6TcW1w0l7DC1qzJOkrhTGQepz2PY96562+Mmgza4bJo', 0, NULL, '2022-09-26 06:45:01');
INSERT INTO `sys_oper_log` VALUES (69, '获取验证码', 1, 'com.pale.backend.base.controller.LoginController.getCode()', 'POST', 1, 'admin', NULL, '/pale/getCode', '127.0.0.1', '', '', '{\"msg\":\"操作成功\",\"img\":\"/9j/4AAQSkZJRgABAgAAAQABAAD/2wBDAAgGBgcGBQgHBwcJCQgKDBQNDAsLDBkSEw8UHRofHh0aHBwgJC4nICIsIxwcKDcpLDAxNDQ0Hyc5PTgyPC4zNDL/2wBDAQkJCQwLDBgNDRgyIRwhMjIyMjIyMjIyMjIyMjIyMjIyMjIyMjIyMjIyMjIyMjIyMjIyMjIyMjIyMjIyMjIyMjL/wAARCAA8AKADASIAAhEBAxEB/8QAHwAAAQUBAQEBAQEAAAAAAAAAAAECAwQFBgcICQoL/8QAtRAAAgEDAwIEAwUFBAQAAAF9AQIDAAQRBRIhMUEGE1FhByJxFDKBkaEII0KxwRVS0fAkM2JyggkKFhcYGRolJicoKSo0NTY3ODk6Q0RFRkdISUpTVFVWV1hZWmNkZWZnaGlqc3R1dnd4eXqDhIWGh4iJipKTlJWWl5iZmqKjpKWmp6ipqrKztLW2t7i5usLDxMXGx8jJytLT1NXW19jZ2uHi4+Tl5ufo6erx8vP09fb3+Pn6/8QAHwEAAwEBAQEBAQEBAQAAAAAAAAECAwQFBgcICQoL/8QAtREAAgECBAQDBAcFBAQAAQJ3AAECAxEEBSExBhJBUQdhcRMiMoEIFEKRobHBCSMzUvAVYnLRChYkNOEl8RcYGRomJygpKjU2Nzg5OkNERUZHSElKU1RVVldYWVpjZGVmZ2hpanN0dXZ3eHl6goOEhYaHiImKkpOUlZaXmJmaoqOkpaanqKmqsrO0tba3uLm6wsPExcbHyMnK0tPU1dbX2Nna4uPk5ebn6Onq8vP09fb3+Pn6/9oADAMBAAIRAxEAPwDtrW1ga1hZoIySikkoOeKsCztv+feL/vgU2z/484P+ua/yqyKiMY8q0IjGPKtCIWdr/wA+0P8A3wKeLK1/59of+/YqUU7IFPlj2Hyx7EQsrT/n1h/79inCxtP+fWD/AL9ikkvLaBlWWeONm6BmAJqypB6U+Rdg5Y9iIWFn/wA+sH/fsU4WFn/z6Qf9+xU4pwpcsewcsexCNPsv+fS3/wC/Y/wpw06y/wCfO3/79L/hU4rL1jxPo3h9VOqX8VuXGVU5ZiPUKAT+lXToupJRhG7fRK4OMVujQGnWP/Pnb/8Afpf8KcNNsf8Anyt/+/S/4VLE6yIrrnDDIyMGpRUckewcsexXGmWH/Plbf9+l/wAKeNMsP+fG2/79L/hVgU7IFHLHsHLHsVxpen/8+Nt/35X/AAp40rT/APnwtf8Avyv+FYeqePvDOi3n2S+1WKOfOCiqz7frtBx+Nb1hf2uo2sd1aTpNBIMq6HINbTws4QU5waT2bWj9BWi9AGlad/z4Wv8A35X/AApw0nTv+gfa/wDflf8ACrQp4rHlj2Hyx7FUaTpv/QPtP+/K/wCFVtT0vT49IvXSxtVdYHKsIVBB2nkcVrCqurf8gW//AOveT/0E0pRjyvQUox5XoclZ/wDHnB/1zX+VWRVez/484P8Armv8qsinH4UOPwoUnArz34j3GtvaxR6XK6QjJlETYcn/AAr0IjIrn9Z0w3CMa6sLiHhq0aqinbo9UOSurHhOpWElhHBM100k8vLDBBU/XPNe9eDryaXw5Yi6YmYRANmvH/EWhXkWoyXMbAqgBVDycjrxWxoeuT+IPDd5pguPs2oRhXimRivQgg5HI6YOPWvpswqTzHA0qjmnyv331jzbadl+JhBKEmjtPiF4wv8AwzZWjaasBed2VmlUttwARjkc/XNdfpV6LrTraV5AzvErFumSRmvnfXpfEU1usGrXBuIYW3KxKk56Zz1P41Lomgya9ElxJqzxyIdqgoXK46ckjHas6mU4RYKE51oqzacopyvfVJ21WzGqkuZ2R9Bazq9vpGmzXlw4WOJSx9/avnDVNan8QeJl1C8ORJKoCnoqZ4ArrfiV4hnuxa6UG/hDy7eAx/wrhb9FheEIwyqBTg8gj/8AXXdw9hqeHhGU/jrKSj5', 0, NULL, '2022-09-26 06:45:03');
INSERT INTO `sys_oper_log` VALUES (70, '登录', 1, 'com.pale.backend.base.controller.LoginController.login()', 'POST', 1, 'admin', NULL, '/pale/login', '127.0.0.1', '', '{\"code\":\"7\",\"password\":\"12345678\",\"username\":\"Cimson\",\"uuid\":\"117a3689c67f44d6a515b5ecc30d0be7\"}', '{\"code\":200,\"data\":{\"access_token\":\"eyJhbGciOiJIUzUxMiJ9.eyJ1c2VyX2lkIjoxLCJ1c2VyX2tleSI6IjQyNTU0NmIzLWY0ZmMtNGJjOC05MGI3LTBlYjJmMDMxM2Y4YiIsInVzZXJuYW1lIjoiQ2ltc29uIn0.pnsySspJzTbN4gw-T8ofeoRWp98c9x4qQ4nH7toc7uao74zjLz8tPn7le9iXdwEnQH3PEy3o5cWamm6DNbR1tA\",\"menu\":[],\"expires_in\":720}}', 0, NULL, '2022-09-26 06:45:12');
INSERT INTO `sys_oper_log` VALUES (71, '登出', 3, 'com.pale.backend.base.controller.LoginController.login()', 'POST', 1, 'admin', NULL, '/pale/logout', '127.0.0.1', '', '', '{\"code\":200}', 0, NULL, '2022-09-26 06:46:17');
INSERT INTO `sys_oper_log` VALUES (72, '获取验证码', 1, 'com.pale.backend.base.controller.LoginController.getCode()', 'POST', 1, 'admin', NULL, '/pale/getCode', '127.0.0.1', '', '', '{\"msg\":\"操作成功\",\"img\":\"/9j/4AAQSkZJRgABAgAAAQABAAD/2wBDAAgGBgcGBQgHBwcJCQgKDBQNDAsLDBkSEw8UHRofHh0aHBwgJC4nICIsIxwcKDcpLDAxNDQ0Hyc5PTgyPC4zNDL/2wBDAQkJCQwLDBgNDRgyIRwhMjIyMjIyMjIyMjIyMjIyMjIyMjIyMjIyMjIyMjIyMjIyMjIyMjIyMjIyMjIyMjIyMjL/wAARCAA8AKADASIAAhEBAxEB/8QAHwAAAQUBAQEBAQEAAAAAAAAAAAECAwQFBgcICQoL/8QAtRAAAgEDAwIEAwUFBAQAAAF9AQIDAAQRBRIhMUEGE1FhByJxFDKBkaEII0KxwRVS0fAkM2JyggkKFhcYGRolJicoKSo0NTY3ODk6Q0RFRkdISUpTVFVWV1hZWmNkZWZnaGlqc3R1dnd4eXqDhIWGh4iJipKTlJWWl5iZmqKjpKWmp6ipqrKztLW2t7i5usLDxMXGx8jJytLT1NXW19jZ2uHi4+Tl5ufo6erx8vP09fb3+Pn6/8QAHwEAAwEBAQEBAQEBAQAAAAAAAAECAwQFBgcICQoL/8QAtREAAgECBAQDBAcFBAQAAQJ3AAECAxEEBSExBhJBUQdhcRMiMoEIFEKRobHBCSMzUvAVYnLRChYkNOEl8RcYGRomJygpKjU2Nzg5OkNERUZHSElKU1RVVldYWVpjZGVmZ2hpanN0dXZ3eHl6goOEhYaHiImKkpOUlZaXmJmaoqOkpaanqKmqsrO0tba3uLm6wsPExcbHyMnK0tPU1dbX2Nna4uPk5ebn6Onq8vP09fb3+Pn6/9oADAMBAAIRAxEAPwDtrW1ga1hZoIySikkoOeKsCztv+feL/vgU2z/484P+ua/yqyKiMY8q0IjGPKtCIWdr/wA+0P8A3wKeLK1/59of+/YqUU4U+WPYfLHsRCytP+fWH/v2KcLG0/59YP8Av2KivtTstLtjcX11FbxD+KRsZ9h6n2pula3p2swmXT7uOdFOCUPT6itFQk4e05fd720+8OWO1i0LCz/59YP+/YpwsLP/AJ9IP+/YqUsqqWYgADJJ7U6ORJEV0ZWRgCrKcgg9xWfJHsHLHsRjT7L/AJ9Lf/v2P8KcNOsv+fO3/wC/S/4VMCBUEmqWMNytvLeQJO3SNpAGP4U1TT2QcsexINOsf+fO3/79L/hThptj/wA+Vv8A9+l/wqdSDTxS5Y9g5Y9iuNMsP+fK2/79L/hTxplh/wA+Nt/36X/CrAp24L1o5Y9g5Y9iuNL0/wD58bb/AL8r/hTxpWn/APPha/8Aflf8KxJfHnhiDURYPrFt5+dpCtlQfQsOM/jXSowYAg5BrSph5U0nOFr7XW4JRexXGlad/wA+Fr/35X/CnDSdO/6B9r/35X/CrQp4rPlj2Dlj2Ko0nTf+gfaf9+V/wqtqel6fHpF66WNqrrA5VhCoIO08jitYVV1b/kC3/wD17yf+gmlKMeV6ClGPK9DkrP8A484P+ua/yqyKr2f/AB5wf9c1/lVkU4/Chx+FDhSSNsQmnCmTJvjIqijxL4h3Esvi6D+0GkbTsDaqk4x/Fj3oQSeHLhNe8OOTCozPb7iysnr7j+XWus8T6Et7uWaPemc/Q1wsumajoRaTTrgvH/FBIM5/z+FfVYPMoVqNOhzKLirOL+Ca8+z8316mEoNNv/hzvNY8WR+IvC+LCyF9Bcr5dxB5mySFuoP4Hn8K5bw74k1a11C1W8v5bay0/wD0YYTfGOekmPwGfauNtdQubK+e5tFMX9+Mfdx3BHpXo3hW3t763a8tYwFnP71Tz83cH866cbQhldGUOTmpy2e7Te6e6Tts0tRRfO99ToPiBql7N4ZE+k3JA4djE2dyeox1HevK7DRY9S0mW7FzMNQViQrdCRz9cn1r1OHw39mV0tXdLZ8n7OeUQnrt9B7dOTVO80A2ts8mMYGa8jD5xPBUfY4bvfm627Na3+8t0+Z3ZZ+Gfjx', 0, NULL, '2022-09-26 06:46:18');
INSERT INTO `sys_oper_log` VALUES (73, '获取验证码', 1, 'com.pale.backend.base.controller.LoginController.getCode()', 'POST', 1, 'admin', NULL, '/pale/getCode', '127.0.0.1', '', '', '{\"msg\":\"操作成功\",\"img\":\"/9j/4AAQSkZJRgABAgAAAQABAAD/2wBDAAgGBgcGBQgHBwcJCQgKDBQNDAsLDBkSEw8UHRofHh0aHBwgJC4nICIsIxwcKDcpLDAxNDQ0Hyc5PTgyPC4zNDL/2wBDAQkJCQwLDBgNDRgyIRwhMjIyMjIyMjIyMjIyMjIyMjIyMjIyMjIyMjIyMjIyMjIyMjIyMjIyMjIyMjIyMjIyMjL/wAARCAA8AKADASIAAhEBAxEB/8QAHwAAAQUBAQEBAQEAAAAAAAAAAAECAwQFBgcICQoL/8QAtRAAAgEDAwIEAwUFBAQAAAF9AQIDAAQRBRIhMUEGE1FhByJxFDKBkaEII0KxwRVS0fAkM2JyggkKFhcYGRolJicoKSo0NTY3ODk6Q0RFRkdISUpTVFVWV1hZWmNkZWZnaGlqc3R1dnd4eXqDhIWGh4iJipKTlJWWl5iZmqKjpKWmp6ipqrKztLW2t7i5usLDxMXGx8jJytLT1NXW19jZ2uHi4+Tl5ufo6erx8vP09fb3+Pn6/8QAHwEAAwEBAQEBAQEBAQAAAAAAAAECAwQFBgcICQoL/8QAtREAAgECBAQDBAcFBAQAAQJ3AAECAxEEBSExBhJBUQdhcRMiMoEIFEKRobHBCSMzUvAVYnLRChYkNOEl8RcYGRomJygpKjU2Nzg5OkNERUZHSElKU1RVVldYWVpjZGVmZ2hpanN0dXZ3eHl6goOEhYaHiImKkpOUlZaXmJmaoqOkpaanqKmqsrO0tba3uLm6wsPExcbHyMnK0tPU1dbX2Nna4uPk5ebn6Onq8vP09fb3+Pn6/9oADAMBAAIRAxEAPwDtrW1ga1hZoIySikkoOeKsCztv+feL/vgU2z/484P+ua/yqyKiMY8q0IjGPKtCIWdr/wA+0P8A3wKeLK1/59of+/YqUU4U+WPYfLHsRCytP+fWH/v2KcLG0/59YP8Av2KlyAMk05WB6Gjlj2Dlj2IxYWf/AD6wf9+xThYWf/PpB/37FTCnijlj2Dlj2IRp9l/z6W//AH7H+FOGnWX/AD52/wD36X/CpxxVG413TLTUILCa9iW8nYLHADlzn2HIHueKqNLm0jG4csexaGnWP/Pnb/8Afpf8KcNNsf8Anyt/+/S/4VOvNPFTyx7Byx7FcaZYf8+Vt/36X/CnjTLD/nxtv+/S/wCFT7goya5S8+JnhWwvzZzakC4O1njQuqn0JArajhaldtUoOTXZXE1BbnTDS9P/AOfG2/78r/hTxpWn/wDPha/9+V/wosb611C2S5tJ0mhcZV0OQauCsnTSdmh8sexVGlad/wA+Fr/35X/CnDSdO/6B9r/35X/CrQp4pcsewcsexVGk6b/0D7T/AL8r/hVbU9L0+PSL10sbVXWByrCFQQdp5HFawqrq3/IFv/8Ar3k/9BNKUY8r0FKMeV6HJWf/AB5wf9c1/lVkVXs/+POD/rmv8qsinH4UOPwocKUnAzQKSUfuzVFHk/xW1u+jltLK3mkitmUu5Q43MD0ri5Z9V0EW9xb6pKd/OFc8H866j4m3CxyQ27xbi+WVj/Dj0rgne4lhi84O0Kdx6V+gZJFvBUbqKheV7297e1vO+hyVPiZ9HeFNWk1bQLK6mP72SMFvrXQZwK808H+IYZ/D07acm6e1iO2B/wC8AdoOPXFZtt8YrmKUR6vorRK38ULEEf8AAW6/mK+TWV4qvVqRpQ1i9rpNfJvX5HRzxSV2dT4u+INj4eeSyiVp9R2jbEAcDI4ya8p8K61NJ46bWtRZpZ0SWZvXO0jA/DgV2Gqpp+t7NetIhI8yDbIw5GOOnqOlec2BNj4mCOMZkZCD3DZx/MV7OWOh9VxFCnBqooPmb303SXRfiZzvzJva56rp/wAatJaUR3mn3cKHjzFKvj6jg/lmu607xfoGqQiW01a0cehkCsPqpwR+IrwCTxGATBqGiWzxA7fuYI+hx/hSR2XhXUH3rfT2GesbjcB9M/4', 0, NULL, '2022-09-26 06:46:24');
INSERT INTO `sys_oper_log` VALUES (74, '登录', 1, 'com.pale.backend.base.controller.LoginController.login()', 'POST', 1, 'admin', NULL, '/pale/login', '127.0.0.1', '', '{\"code\":\"7\",\"password\":\"12345678\",\"username\":\"Cimson\",\"uuid\":\"171a3063b9e044438b49272b5b163f61\"}', '{\"code\":200,\"data\":{\"access_token\":\"eyJhbGciOiJIUzUxMiJ9.eyJ1c2VyX2lkIjoxLCJ1c2VyX2tleSI6IjFhOTBhMDZjLTAzZDgtNGExMy1iMDU5LTgxOTI0YTJlNTQxYyIsInVzZXJuYW1lIjoiQ2ltc29uIn0.65WHM0mnYHb3eVEIFlkRyVb6x7b_7N2lcT12YOOw4jAhfdYe2f2ZFwbgdXrNun1IIX309IGoPKIlci8zdSPiXA\",\"menu\":[{\"createBy\":\"Crimson\",\"createTime\":\"2022-09-26 14:43:37\",\"icon\":\"SettingOutlined\",\"menuId\":1,\"menuName\":\"system\",\"menuType\":\"M\",\"orderNum\":0,\"params\":{},\"parentId\":0,\"perms\":\"system\",\"remark\":\"\",\"title\":\"系统管理\",\"updateBy\":\"\",\"url\":\"#\",\"visible\":\"0\"}],\"expires_in\":720}}', 0, NULL, '2022-09-26 06:46:33');
INSERT INTO `sys_oper_log` VALUES (75, '登出', 3, 'com.pale.backend.base.controller.LoginController.login()', 'POST', 1, 'admin', NULL, '/pale/logout', '127.0.0.1', '', '', '{\"code\":200}', 0, NULL, '2022-09-26 07:34:46');
INSERT INTO `sys_oper_log` VALUES (76, '获取验证码', 1, 'com.pale.backend.base.controller.LoginController.getCode()', 'POST', 1, 'admin', NULL, '/pale/getCode', '127.0.0.1', '', '', '{\"msg\":\"操作成功\",\"img\":\"/9j/4AAQSkZJRgABAgAAAQABAAD/2wBDAAgGBgcGBQgHBwcJCQgKDBQNDAsLDBkSEw8UHRofHh0aHBwgJC4nICIsIxwcKDcpLDAxNDQ0Hyc5PTgyPC4zNDL/2wBDAQkJCQwLDBgNDRgyIRwhMjIyMjIyMjIyMjIyMjIyMjIyMjIyMjIyMjIyMjIyMjIyMjIyMjIyMjIyMjIyMjIyMjL/wAARCAA8AKADASIAAhEBAxEB/8QAHwAAAQUBAQEBAQEAAAAAAAAAAAECAwQFBgcICQoL/8QAtRAAAgEDAwIEAwUFBAQAAAF9AQIDAAQRBRIhMUEGE1FhByJxFDKBkaEII0KxwRVS0fAkM2JyggkKFhcYGRolJicoKSo0NTY3ODk6Q0RFRkdISUpTVFVWV1hZWmNkZWZnaGlqc3R1dnd4eXqDhIWGh4iJipKTlJWWl5iZmqKjpKWmp6ipqrKztLW2t7i5usLDxMXGx8jJytLT1NXW19jZ2uHi4+Tl5ufo6erx8vP09fb3+Pn6/8QAHwEAAwEBAQEBAQEBAQAAAAAAAAECAwQFBgcICQoL/8QAtREAAgECBAQDBAcFBAQAAQJ3AAECAxEEBSExBhJBUQdhcRMiMoEIFEKRobHBCSMzUvAVYnLRChYkNOEl8RcYGRomJygpKjU2Nzg5OkNERUZHSElKU1RVVldYWVpjZGVmZ2hpanN0dXZ3eHl6goOEhYaHiImKkpOUlZaXmJmaoqOkpaanqKmqsrO0tba3uLm6wsPExcbHyMnK0tPU1dbX2Nna4uPk5ebn6Onq8vP09fb3+Pn6/9oADAMBAAIRAxEAPwDtrW1ga1hZoIySikkoOeKsCztv+feL/vgU2z/484P+ua/yqyKiMY8q0IjGPKtCIWdr/wA+0P8A3wKeLK1/59of+/YqUVXvtQtdMs5Lq7mWKGMZZm7VUaak7Jaj5Y9iUWVp/wA+sP8A37FOFjaf8+sH/fsVgaL470HXLv7LaXZE/wDCkqFS307H+ddOpBrSthp0JclWHK/NWBKL2IhYWf8Az6wf9+xThYWf/PpB/wB+xUwp4rLlj2Dlj2IRp9l/z6W//fsf4U4adZf8+dv/AN+l/wAKnyBVSfWdNtblbee+t45m6RtIA35VUafM7RVw5Y9icadY/wDPnb/9+l/wpw02x/58rf8A79L/AIVOrBhkHIp4qeWPYOWPYrjTLD/nytv+/S/4U8aZYf8APjbf9+l/wqwKqahrGn6RCJtQu4baMnAaRsZqo0uZ8sVdhyx7Eo0vT/8Anxtv+/K/4U8aVp//AD4Wv/flf8KbYanZalAJ7K6huIum6JwwB9DjoaurzSdNJ2aDlj2Kw0rTv+fC1/78r/hThpOnf9A+1/78r/hVoU8UuWPYOWPYqjSdN/6B9p/35X/Cq2p6Xp8ekXrpY2qusDlWEKgg7TyOK1hVXVv+QLf/APXvJ/6CaUox5XoKUY8r0OSs/wDjzg/65r/KrIqvZ/8AHnB/1zX+VWRTj8KHH4UL0Fee/FBpZ/Dzxxk4SRXYDuBXoeMiuX8S6ebiBhtyCOQa6sJiHh68KyV+Vpjkrqx5BpGn2mpaV+4zDqMLZWVWI56jP+NeleBfHLXzf2PrB8vU4vlDNx5oH/s38+teaXVpceGtTF3Apa2Jwy+3of6GtTVrOPWLKLVNNYi5QblZeCwHb/eFfVYyVLFO9aV6VR3hLrCXWL8vLa2q7mEbx23X4nqPjjZeeGL21NyLdnTKSF9g3A5AJ9DjH41ifCnxKl3on9kTv/pNmTtBPLRk5B/Akj8vWuFlvE8Z2duL+WSPULNdjlekq+uOx9f84y7rR5tMAvNPnnSWI5yDhh7giualhMPCjLLsTU5ajldaaJ7b9VJfcNybfPFaHsPxI16+0rw276e+yR3CNIOqqe4/lXkljodvqmkNefbZDfsWbk/LuHY98+9SjxV4g1Oy+z3UY1C3PyuTH8xHple/uag', 0, NULL, '2022-09-26 07:34:47');
INSERT INTO `sys_oper_log` VALUES (77, '登录', 1, 'com.pale.backend.base.controller.LoginController.login()', 'POST', 1, 'admin', NULL, '/pale/login', '127.0.0.1', '', '{\"code\":\"9\",\"password\":\"12345678\",\"username\":\"Cimson\",\"uuid\":\"c801d9c5de9c4a118684cd26c4b8c996\"}', '{\"code\":200,\"data\":{\"access_token\":\"eyJhbGciOiJIUzUxMiJ9.eyJ1c2VyX2lkIjoxLCJ1c2VyX2tleSI6IjQ4MDhmZjA5LTBjNWUtNDhjOS04ODA1LTRiM2Q3NGM1YWZlNSIsInVzZXJuYW1lIjoiQ2ltc29uIn0.Vlj2VACFPJC4655f49kgZDk-3hQ_CX4SG6NQ0v3X8IEtJz0Fj5HwSxf4-PYu7z7oDsJzWX_8uuQTs-tPihIQNg\",\"menu\":[{\"createBy\":\"Crimson\",\"createTime\":\"2022-09-26 14:43:37\",\"icon\":\"SettingOutlined\",\"menuId\":1,\"menuName\":\"system\",\"menuType\":\"M\",\"orderNum\":0,\"params\":{},\"parentId\":0,\"perms\":\"system\",\"remark\":\"\",\"title\":\"系统管理\",\"updateBy\":\"\",\"url\":\"#\",\"visible\":\"0\"}],\"expires_in\":720}}', 0, NULL, '2022-09-26 07:34:56');
INSERT INTO `sys_oper_log` VALUES (78, '登出', 3, 'com.pale.backend.base.controller.LoginController.login()', 'POST', 1, 'admin', NULL, '/pale/logout', '127.0.0.1', '', '', '{\"code\":200}', 0, NULL, '2022-09-26 07:37:35');
INSERT INTO `sys_oper_log` VALUES (79, '获取验证码', 1, 'com.pale.backend.base.controller.LoginController.getCode()', 'POST', 1, 'admin', NULL, '/pale/getCode', '127.0.0.1', '', '', '{\"msg\":\"操作成功\",\"img\":\"/9j/4AAQSkZJRgABAgAAAQABAAD/2wBDAAgGBgcGBQgHBwcJCQgKDBQNDAsLDBkSEw8UHRofHh0aHBwgJC4nICIsIxwcKDcpLDAxNDQ0Hyc5PTgyPC4zNDL/2wBDAQkJCQwLDBgNDRgyIRwhMjIyMjIyMjIyMjIyMjIyMjIyMjIyMjIyMjIyMjIyMjIyMjIyMjIyMjIyMjIyMjIyMjL/wAARCAA8AKADASIAAhEBAxEB/8QAHwAAAQUBAQEBAQEAAAAAAAAAAAECAwQFBgcICQoL/8QAtRAAAgEDAwIEAwUFBAQAAAF9AQIDAAQRBRIhMUEGE1FhByJxFDKBkaEII0KxwRVS0fAkM2JyggkKFhcYGRolJicoKSo0NTY3ODk6Q0RFRkdISUpTVFVWV1hZWmNkZWZnaGlqc3R1dnd4eXqDhIWGh4iJipKTlJWWl5iZmqKjpKWmp6ipqrKztLW2t7i5usLDxMXGx8jJytLT1NXW19jZ2uHi4+Tl5ufo6erx8vP09fb3+Pn6/8QAHwEAAwEBAQEBAQEBAQAAAAAAAAECAwQFBgcICQoL/8QAtREAAgECBAQDBAcFBAQAAQJ3AAECAxEEBSExBhJBUQdhcRMiMoEIFEKRobHBCSMzUvAVYnLRChYkNOEl8RcYGRomJygpKjU2Nzg5OkNERUZHSElKU1RVVldYWVpjZGVmZ2hpanN0dXZ3eHl6goOEhYaHiImKkpOUlZaXmJmaoqOkpaanqKmqsrO0tba3uLm6wsPExcbHyMnK0tPU1dbX2Nna4uPk5ebn6Onq8vP09fb3+Pn6/9oADAMBAAIRAxEAPwDtrW1ga1hZoIySikkoOeKsCztv+feL/vgU2z/484P+ua/yqyKiMY8q0IjGPKtCIWdr/wA+0P8A3wKeLK1/59of+/YqUU4U+WPYfLHsRCytP+fWH/v2KcLG0/59YP8Av2Kgv9W0/S4vNvryC3T1kcDP09ap6N4u0TX7qW2029E8sS7mHlsvGcZ5AzWscNOUHUjBuK3dtF8wtG9jWFhZ/wDPrB/37FOFhZ/8+kH/AH7FSNIkaF3YKo6knAFSgisuSPYOWPYhGn2X/Ppb/wDfsf4U4adZf8+dv/36X/CpxVX+19OXUU083sH2x8lYBIC/AyeOvSmqaeyDlj2Jhp1j/wA+dv8A9+l/wpw02x/58rf/AL9L/hU6808UuWPYOWPYrjTLD/nytv8Av0v+FPGmWH/Pjbf9+l/wqwKUuqKSxAA6k0ckewcsexANL0//AJ8bb/vyv+FPGlaf/wA+Fr/35X/CsWbx54Xt74Wcut2gmzggPlQfdhwPzro4pElRXRgysMgg5BFaTw8qaTnC19rrcEosgGlad/z4Wv8A35X/AApw0nTv+gfa/wDflf8ACrQp4rPlj2Dlj2Ko0nTf+gfaf9+V/wAKranpenx6Reuljaq6wOVYQqCDtPI4rWFVdW/5At//ANe8n/oJpSjHlegpRjyvQ5Kz/wCPOD/rmv8AKrIqvZ/8ecH/AFzX+VWRTj8KHH4UOFNlbYhNPFJIm5CKoo8L+JdmP7fGoKCVmAWT2Yf/AFv5VP4Mk0TT9atri01KaK6I2skpBWQHqp4Ht36gV1Xi/Q/tcbqVJU15/a+HLNbkw3U5JPAUEKwPt/8Aqr6vDZpRr4BYbEVJRcU17qvdefp8vUwlBqXMkegePbi91CyNgNNW7tHAdZUkCvDIO+D149u5rK8K+N9Un1mCXVNTS2swgg2TRkxyEdTv6K3Hf1rAlv8AVfDgS3upDeaax2o5+8ntn+ntxXT+GtMsrixLW8ay2VydzI43KfXIP0rOcqeFwfJUgpwl8M4+e+9+WWi0stvmPWUrp6nqc10Ft94PbNfOeo6neaZ48u9VtyftEF20uexGeh9iDj8a9utNNTTtJNrA0vkgfIjuW2D0Ge3tXjHiMLp/i+SSUDy5Bl8jIIIwanh2rGFetBR504vTvbp', 0, NULL, '2022-09-26 07:37:36');
INSERT INTO `sys_oper_log` VALUES (80, '登录', 1, 'com.pale.backend.base.controller.LoginController.login()', 'POST', 1, 'admin', NULL, '/pale/login', '127.0.0.1', '', '{\"code\":\"20\",\"password\":\"12345678\",\"username\":\"Cimson\",\"uuid\":\"c14ffcee5c254b2d9b9d0f423181f0b3\"}', '{\"code\":200,\"data\":{\"access_token\":\"eyJhbGciOiJIUzUxMiJ9.eyJ1c2VyX2lkIjoxLCJ1c2VyX2tleSI6IjVlMGFhZmMzLTM2OWUtNGY4Mi1hZTJhLTM3ZmNmM2Y2YWQyNyIsInVzZXJuYW1lIjoiQ2ltc29uIn0.xnC9MffbJlURRwIeMfzfN1loftkhqf6imiMf05bFCQIlMsQqgr_dUxCgK6f3R9e1V37FXFWiHUXVT43WHwklJw\",\"menu\":[{\"createBy\":\"Crimson\",\"createTime\":\"2022-09-26 14:43:37\",\"icon\":\"SettingOutlined\",\"menuId\":1,\"menuName\":\"system\",\"menuType\":\"M\",\"orderNum\":0,\"params\":{},\"parentId\":0,\"perms\":\"system\",\"remark\":\"\",\"title\":\"系统管理\",\"updateBy\":\"\",\"url\":\"#\",\"visible\":\"0\"}],\"expires_in\":720}}', 0, NULL, '2022-09-26 07:39:15');

-- ----------------------------
-- Table structure for sys_user
-- ----------------------------
DROP TABLE IF EXISTS `sys_user`;
CREATE TABLE `sys_user`  (
  `id` bigint(20) NOT NULL AUTO_INCREMENT COMMENT 'id',
  `user_name` varchar(50) CHARACTER SET utf8 COLLATE utf8_general_ci NULL DEFAULT '' COMMENT '用户名',
  `password` varchar(50) CHARACTER SET utf8 COLLATE utf8_general_ci NULL DEFAULT '' COMMENT '密码',
  `email` varchar(64) CHARACTER SET utf8 COLLATE utf8_general_ci NULL DEFAULT NULL COMMENT '邮箱',
  `phone` varchar(64) CHARACTER SET utf8 COLLATE utf8_general_ci NULL DEFAULT NULL COMMENT '电话号码',
  `type` tinyint(1) NULL DEFAULT NULL COMMENT '是否启用（0-否，1-是）',
  `create_by` varchar(64) CHARACTER SET utf8 COLLATE utf8_general_ci NULL DEFAULT '' COMMENT '创建者',
  `create_time` datetime(0) NULL DEFAULT NULL COMMENT '创建时间',
  `update_by` varchar(64) CHARACTER SET utf8 COLLATE utf8_general_ci NULL DEFAULT '' COMMENT '更新者',
  `update_time` datetime(0) NULL DEFAULT NULL COMMENT '更新时间',
  `remark` varchar(500) CHARACTER SET utf8 COLLATE utf8_general_ci NULL DEFAULT NULL COMMENT '备注',
  PRIMARY KEY (`id`) USING BTREE
) ENGINE = InnoDB AUTO_INCREMENT = 2 CHARACTER SET = utf8 COLLATE = utf8_general_ci COMMENT = '用户表' ROW_FORMAT = Dynamic;

-- ----------------------------
-- Records of sys_user
-- ----------------------------
INSERT INTO `sys_user` VALUES (1, 'Cimson', '12345678', NULL, NULL, 1, 'admin', '2022-08-23 15:50:50', '', NULL, NULL);

-- ----------------------------
-- Table structure for sys_user_menu
-- ----------------------------
DROP TABLE IF EXISTS `sys_user_menu`;
CREATE TABLE `sys_user_menu`  (
  `user_id` int(11) NOT NULL COMMENT '用户ID',
  `menu_id` int(11) NOT NULL COMMENT '菜单ID',
  PRIMARY KEY (`user_id`, `menu_id`) USING BTREE
) ENGINE = InnoDB CHARACTER SET = utf8 COLLATE = utf8_general_ci COMMENT = '用户和菜单关联表' ROW_FORMAT = Dynamic;

-- ----------------------------
-- Records of sys_user_menu
-- ----------------------------
INSERT INTO `sys_user_menu` VALUES (1, 1);
INSERT INTO `sys_user_menu` VALUES (1, 2);

SET FOREIGN_KEY_CHECKS = 1;
